,c1.medium,c1.xlarge,c3.2xlarge,c3.4xlarge,c3.8xlarge,c3.large,c3.xlarge,c4.2xlarge,c4.4xlarge,c4.8xlarge,c4.large,c4.xlarge,c5.18xlarge,c5.2xlarge,c5.4xlarge,c5.9xlarge,c5.large,c5.xlarge,c5d.18xlarge,c5d.2xlarge,c5d.4xlarge,c5d.9xlarge,c5d.large,c5d.xlarge,d2.2xlarge,d2.4xlarge,d2.8xlarge,d2.xlarge,f1.16xlarge,f1.2xlarge,f1.4xlarge,g2.2xlarge,g2.8xlarge,g3.16xlarge,g3.4xlarge,g3.8xlarge,g3s.xlarge,h1.16xlarge,h1.2xlarge,h1.4xlarge,h1.8xlarge,i2.2xlarge,i2.4xlarge,i2.8xlarge,i2.xlarge,i3.16xlarge,i3.2xlarge,i3.4xlarge,i3.8xlarge,i3.large,i3.metal,i3.xlarge,m1.large,m1.medium,m1.small,m1.xlarge,m2.2xlarge,m2.4xlarge,m2.xlarge,m3.2xlarge,m3.large,m3.medium,m3.xlarge,m4.10xlarge,m4.16xlarge,m4.2xlarge,m4.4xlarge,m4.large,m4.xlarge,m5.12xlarge,m5.24xlarge,m5.2xlarge,m5.4xlarge,m5.large,m5.xlarge,m5a.12xlarge,m5a.24xlarge,m5a.2xlarge,m5a.4xlarge,m5a.large,m5a.xlarge,m5d.12xlarge,m5d.24xlarge,m5d.2xlarge,m5d.4xlarge,m5d.large,m5d.xlarge,p2.16xlarge,p2.8xlarge,p2.xlarge,p3.16xlarge,p3.2xlarge,p3.8xlarge,r3.2xlarge,r3.4xlarge,r3.8xlarge,r3.large,r3.xlarge,r4.16xlarge,r4.2xlarge,r4.4xlarge,r4.8xlarge,r4.large,r4.xlarge,r5.12xlarge,r5.24xlarge,r5.2xlarge,r5.4xlarge,r5.large,r5.xlarge,r5a.12xlarge,r5a.24xlarge,r5a.2xlarge,r5a.4xlarge,r5a.large,r5a.xlarge,r5d.12xlarge,r5d.24xlarge,r5d.2xlarge,r5d.4xlarge,r5d.large,r5d.xlarge,t1.micro,t2.2xlarge,t2.large,t2.medium,t2.micro,t2.small,t2.xlarge,t3.2xlarge,t3.large,t3.medium,t3.micro,t3.nano,t3.small,t3.xlarge,x1.16xlarge,x1.32xlarge,x1e.16xlarge,x1e.2xlarge,x1e.32xlarge,x1e.4xlarge,x1e.8xlarge,x1e.xlarge,z1d.12xlarge,z1d.2xlarge,z1d.3xlarge,z1d.6xlarge,z1d.large,z1d.xlarge
2018-11-07 22:40:15,0.0131,0.1298,0.1175,0.2374,0.4814,0.0294,0.0588,0.1526,0.2504,0.599,0.0308,0.0617,1.1673,0.1515,0.3035,0.5867,0.0339,0.0711,1.1659,0.2208,0.3296,0.5986,0.0325,0.0724,0.414,0.828,1.656,0.207,13.2,0.495,0.99,0.2315,0.8194,1.368,0.3808,0.684,0.2422,2.9049,0.165,0.33,1.4205,0.5115,1.023,2.046,0.2559,1.4976,0.1955,0.4438,0.9267,0.0468,1.4976,0.0972,0.0175,0.0087,0.0069,0.035,0.3323,0.098,0.0245,0.1353,0.0312,0.0067,0.0618,0.6688,1.0628,0.1328,0.2891,0.0324,0.0669,0.8255,1.6323,0.1598,0.3801,0.0347,0.0731,0.8162,1.6323,0.136,0.2721,0.034,0.068,0.9257,1.6323,0.1545,0.3555,0.035,0.0841,4.32,2.2028,0.2834,9.7588,1.2059,3.9087,0.1613,0.3598,0.6327,0.0323,0.0681,1.2171,0.1658,0.3602,0.5573,0.034,0.0705,0.8592,1.7103,0.1587,0.285,0.0358,0.1163,2.185,1.71,0.1425,0.285,0.0356,0.0713,3.445,1.71,0.1454,0.3241,0.0356,0.0713,0.002,0.1114,0.0278,0.0139,0.0035,0.0069,0.0557,0.1002,0.0251,0.0127,0.0031,0.0016,0.0063,0.0501,2.0534,10.5839,13.344,0.5004,26.688,1.0008,2.0016,0.2502,1.3392,0.2232,0.3348,0.7572,0.0558,0.1452
2018-11-07 22:45:01,0.0131,0.0981,0.1175,0.2374,0.4787,0.0294,0.0588,0.151,0.2524,0.5567,0.0308,0.0617,1.1659,0.1486,0.2878,0.5938,0.0324,0.0701,1.1659,0.1389,0.2591,0.5989,0.0325,0.0687,0.414,0.828,1.656,0.207,13.2,0.495,0.99,0.2249,0.8305,2.9238,0.3754,0.684,0.3073,1.32,0.165,0.33,1.3802,0.5115,1.023,2.046,0.2559,1.4976,0.2028,0.4597,0.8923,0.0468,4.992,0.0968,0.0175,0.0087,0.0071,0.035,0.0499,0.098,0.0245,0.1247,0.0308,0.0067,0.0617,0.754,1.0638,0.1491,0.278,0.0324,0.0655,0.8242,1.6323,0.1637,0.3721,0.0343,0.0742,1.649,1.6323,0.136,0.2721,0.034,0.068,0.8751,1.6404,0.1691,0.3068,0.0343,0.0696,4.32,7.2,0.2751,7.8801,1.1995,4.7137,0.1532,0.3457,0.6294,0.0323,0.0655,1.2922,0.1433,0.304,1.1801,0.0339,0.0692,0.859,1.7103,0.1447,0.4395,0.0356,0.0864,0.855,1.71,0.1425,0.285,0.0356,0.0713,0.855,6.89,0.144,0.3233,0.0356,0.0758,0.002,0.1114,0.0278,0.0139,0.0035,0.0069,0.0557,0.1002,0.0251,0.0125,0.0031,0.0016,0.0063,0.0501,2.0487,10.3281,13.344,0.5004,26.688,1.0008,2.0016,0.2502,1.3392,0.2232,0.3348,0.707,0.0627,0.1578
2018-11-07 22:49:48,0.0135,0.1037,0.1176,0.2374,0.4784,0.0294,0.0588,0.1504,0.3291,0.568,0.0308,0.0617,1.1659,0.1684,0.3166,0.5868,0.0331,0.0689,1.1659,0.1303,0.2591,0.583,0.0324,0.0702,0.414,0.828,1.656,0.207,13.2,0.495,0.99,0.2742,0.78,1.368,0.3764,0.684,0.2413,1.32,0.165,0.33,1.3617,0.5115,1.023,2.046,0.2559,1.4976,0.2203,0.4516,0.87,0.0468,1.4976,0.1033,0.0175,0.0087,0.0044,0.035,0.3481,0.098,0.0245,0.1248,0.0308,0.0067,0.063,0.6477,1.0828,0.1748,0.3233,0.0324,0.0654,0.8241,1.6323,0.1567,0.3457,0.0346,0.0735,1.6981,1.6323,0.136,0.2721,0.034,0.068,0.8162,1.6323,0.2281,0.2877,0.0351,0.0763,4.32,2.16,0.2785,9.7258,1.2082,3.9028,0.1772,0.3134,0.6215,0.0323,0.0741,1.2119,0.1585,0.3689,0.6784,0.0341,0.0707,0.8611,1.7103,0.1573,0.2982,0.0356,0.0771,2.1074,1.71,0.1425,0.285,0.0356,0.0713,3.445,6.89,0.1437,0.3076,0.0356,0.0751,0.002,0.1114,0.0278,0.0139,0.0035,0.0069,0.0557,0.1002,0.0251,0.0125,0.0031,0.0016,0.0063,0.0501,2.0568,10.0,13.344,0.5004,12.2864,1.0008,2.0016,0.2502,1.3392,0.2232,0.3348,0.779,0.058,0.137
2018-11-08 00:55:49,0.0132,0.0764,0.1176,0.237,0.4791,0.0294,0.0588,0.1517,0.2849,0.5696,0.0308,0.0617,1.1659,0.1297,0.2654,0.5859,0.0338,0.0648,1.1659,0.1304,0.2591,0.583,0.0324,0.0721,0.414,0.828,1.656,0.207,13.2,0.495,0.99,0.2054,0.78,4.56,0.3843,0.684,0.2711,1.32,0.165,0.4535,0.66,0.5115,1.023,2.046,0.2559,1.4976,0.624,0.5613,1.0108,0.0468,1.4976,0.1047,0.0175,0.0087,0.0044,0.035,0.0503,0.98,0.0245,0.1244,0.031,0.0067,0.0617,0.6477,1.063,0.1756,0.3252,0.0324,0.0671,0.8162,1.6323,0.1846,0.2721,0.0347,0.0846,1.6406,1.6323,0.136,0.2721,0.034,0.068,0.8162,1.6323,0.1721,0.3062,0.0344,0.0697,4.32,2.16,0.2792,7.7064,1.2018,4.7195,0.1534,0.3601,1.1923,0.0323,0.0736,1.2087,0.1503,0.328,0.6508,0.0339,0.0691,0.855,1.7103,0.1492,0.3365,0.0356,0.0713,2.0974,1.71,0.1425,0.285,0.0356,0.0713,0.855,3.8137,0.1425,0.3845,0.0356,0.0759,0.002,0.1114,0.0278,0.0139,0.0035,0.0069,0.0557,0.1002,0.0251,0.0125,0.0031,0.0016,0.0063,0.0501,2.0578,4.0014,13.344,0.5004,12.8045,1.0008,2.0016,0.2502,1.3392,0.2232,0.3348,0.7173,0.0625,0.1203
2018-11-08 02:00:35,0.013,0.1297,0.1175,0.2373,0.4784,0.0294,0.0588,0.1298,0.2677,0.5581,0.0308,0.062,1.1659,0.13,0.2767,0.5943,0.0333,0.0709,1.1659,0.143,0.2591,0.583,0.0324,0.0648,0.414,0.828,1.656,0.207,13.2,0.495,3.3,0.2314,0.8224,3.0152,0.3792,0.684,0.3159,2.8683,0.165,0.336,0.66,0.6332,1.023,2.046,0.2559,1.4976,0.2173,0.4446,0.8725,0.0468,1.4976,0.106,0.0175,0.0087,0.0044,0.035,0.049,0.098,0.0245,0.1246,0.0312,0.0067,0.0617,0.6477,1.1613,0.1554,0.3075,0.0394,0.0648,0.8162,1.6323,0.1591,0.3361,0.0354,0.0733,1.5933,1.6323,0.136,0.2721,0.034,0.068,1.0867,1.6323,0.1552,0.3548,0.034,0.0717,14.4,2.16,0.4152,7.344,1.1974,12.24,0.1612,0.3455,0.6304,0.0323,0.0733,1.2954,0.1453,0.2923,0.6512,0.0339,0.0693,0.855,1.7103,0.1569,0.3789,0.0356,0.0716,2.0419,1.71,0.1425,0.3361,0.0356,0.0713,0.855,1.71,0.1425,0.3409,0.0356,0.0747,0.002,0.1114,0.0278,0.0139,0.0035,0.0069,0.0557,0.1002,0.0251,0.0125,0.0031,0.0016,0.0073,0.0501,2.0007,4.0014,13.344,0.5004,13.29,1.0008,2.0208,0.2502,1.3392,0.2232,0.3348,0.756,0.0598,0.1448
2018-11-08 03:05:22,0.0134,0.0941,0.1175,0.2371,0.478,0.0294,0.0588,0.1497,0.2508,0.5715,0.0308,0.0631,1.1674,0.1475,0.302,0.5871,0.033,0.0699,1.1659,0.2198,0.3286,0.583,0.0324,0.0648,0.414,0.828,1.656,0.207,13.2,0.495,0.99,0.2253,0.8379,3.0589,0.3741,0.684,0.2721,2.7517,0.165,0.4699,0.66,0.6346,1.023,2.046,0.2559,4.992,0.2018,0.5025,0.9251,0.156,1.4976,0.312,0.0175,0.0087,0.0073,0.035,0.3572,0.098,0.0245,0.1358,0.0313,0.0067,0.0618,0.8458,1.0626,0.1493,0.3643,0.0325,0.0648,0.8162,1.6323,0.1561,0.3795,0.0355,0.0947,1.643,1.6323,0.136,0.2721,0.034,0.068,0.9209,1.6323,0.1539,0.2872,0.0348,0.0758,4.32,7.2,0.2829,24.48,1.2092,3.8878,0.1535,0.3335,0.6318,0.0323,0.0655,1.2228,0.1395,0.6022,0.6023,0.0339,0.0679,0.855,1.7103,0.1442,0.4384,0.0357,0.1187,0.855,1.71,0.1425,0.3294,0.0356,0.0713,3.445,3.712,0.1436,0.3249,0.0356,0.0787,0.002,0.1114,0.0278,0.0139,0.0035,0.0069,0.0557,0.1002,0.0251,0.0126,0.0031,0.0016,0.0063,0.0501,2.0007,4.0014,13.344,0.5004,13.29,1.0008,2.0016,0.2502,1.3392,0.2232,0.3403,0.7114,0.0599,0.1567
2018-11-08 04:10:08,0.0133,0.1008,0.1175,0.2369,0.4792,0.0294,0.0588,0.1511,0.2525,0.5968,0.0308,0.0617,1.1672,0.1513,0.2873,0.583,0.0342,0.0685,1.1659,0.2199,0.3292,0.5987,0.0325,0.0698,0.414,0.828,1.656,0.207,13.2,0.495,0.99,0.2745,0.8249,3.1624,0.3753,0.684,0.2403,2.6409,0.165,0.3378,1.3229,0.6338,1.023,2.046,0.2559,1.4976,0.1951,0.4596,0.8944,0.0468,4.992,0.0969,0.0175,0.0087,0.0076,0.035,0.0504,0.098,0.0245,0.1247,0.0308,0.0067,0.0631,0.6663,1.1841,0.1549,0.2761,0.0391,0.065,0.8162,1.6323,0.1635,0.3714,0.0348,0.0736,1.5879,1.6323,0.136,0.2721,0.034,0.068,0.8734,1.6323,0.1686,0.307,0.034,0.0842,4.32,2.1953,0.27,9.669,1.2043,4.7447,0.1773,0.3137,1.194,0.0323,0.0731,1.2965,0.1394,0.3596,0.5566,0.034,0.069,0.855,1.7103,0.1559,0.2942,0.0356,0.0862,2.0491,1.71,0.1425,0.3282,0.0356,0.0713,0.855,1.7214,0.145,0.3093,0.0356,0.076,0.002,0.1114,0.0278,0.0139,0.0035,0.0069,0.0557,0.1002,0.0251,0.0125,0.0031,0.0016,0.0063,0.0501,2.0007,4.0014,13.344,0.5004,13.6516,1.0008,2.0016,0.2502,1.3392,0.2232,0.3348,0.7565,0.0579,0.1454
2018-11-08 05:14:55,0.0133,0.1262,0.1177,0.2372,0.4779,0.0294,0.0588,0.13,0.3294,0.556,0.0308,0.0617,1.1669,0.1677,0.3165,0.586,0.0339,0.07,1.1659,0.1435,0.3291,0.5835,0.0324,0.0719,0.414,0.828,1.656,0.207,13.2,0.495,0.99,0.2062,0.8449,1.368,0.3812,0.684,0.225,1.32,0.165,0.4698,1.2945,0.6334,1.023,2.046,0.2559,1.4976,0.222,0.4524,0.8726,0.0468,1.4976,0.1034,0.0175,0.0087,0.0078,0.035,0.3628,0.98,0.0245,0.1242,0.0308,0.0067,0.0617,0.7544,1.0842,0.175,0.3082,0.0324,0.0672,0.824,1.6323,0.1843,0.3437,0.0356,0.0845,1.5471,1.6323,0.136,0.2721,0.034,0.068,1.1041,1.6323,0.2279,0.2769,0.0352,0.0718,4.32,2.1959,0.2752,7.5462,1.211,4.7438,0.154,0.3602,0.6214,0.0323,0.0682,1.2144,0.166,0.3027,1.1751,0.0339,0.0692,0.8615,1.7103,0.1425,0.3364,0.0356,0.0772,1.9823,1.71,0.1425,0.3286,0.0356,0.0713,3.445,3.5967,0.1442,0.3231,0.0356,0.0753,0.002,0.1114,0.0278,0.0139,0.0035,0.0069,0.0557,0.1002,0.0251,0.0125,0.0031,0.0016,0.0074,0.0501,2.0596,4.0014,13.344,0.5004,26.688,1.0008,2.0235,0.2502,1.3392,0.2232,0.3348,0.6696,0.0626,0.1435
2018-11-08 06:19:41,0.0133,0.0766,0.1176,0.2374,0.4785,0.0294,0.0588,0.1234,0.2674,0.5688,0.0308,0.0617,1.1659,0.1295,0.3027,0.595,0.034,0.071,1.1659,0.1304,0.2591,0.5989,0.0324,0.0684,0.414,0.828,1.656,0.207,13.2,0.495,0.99,0.2328,0.8276,3.2469,0.3783,0.684,0.3216,1.32,0.1651,0.3402,1.2547,0.5115,1.023,2.046,0.2559,1.4976,0.1949,0.4444,1.0135,0.0468,1.4976,0.1048,0.0175,0.0087,0.0044,0.035,0.049,0.098,0.0245,0.1244,0.0311,0.0067,0.0617,0.8463,1.0616,0.1495,0.3247,0.0324,0.0674,0.8162,1.6323,0.1584,0.3382,0.0347,0.0743,0.8162,1.6323,0.136,0.2721,0.034,0.068,0.8744,1.6323,0.1722,0.3545,0.0353,0.0754,4.32,2.2023,0.2782,7.5636,1.2068,3.9208,0.1615,0.3331,0.6312,0.0323,0.0656,1.2139,0.1454,0.368,0.6488,0.0339,0.0708,0.8625,1.7103,0.1562,0.3772,0.0356,0.1188,2.0438,1.71,0.1425,0.285,0.0356,0.0713,0.855,1.7241,0.1434,0.3446,0.0356,0.0794,0.002,0.1114,0.0278,0.0139,0.0035,0.0069,0.0557,0.1002,0.0251,0.0125,0.0031,0.0016,0.0063,0.0501,2.0007,9.9412,13.344,0.5004,26.688,1.0008,2.025,0.2502,1.3392,0.2232,0.35,0.718,0.0624,0.12
2018-11-08 07:24:28,0.013,0.0905,0.1176,0.237,0.4815,0.0294,0.0588,0.1507,0.2863,0.5553,0.0308,0.0617,1.1659,0.1472,0.2797,0.5874,0.0335,0.0687,1.1659,0.1387,0.2591,0.5993,0.0324,0.0694,0.414,0.828,1.656,0.207,13.2,0.495,3.3,0.2749,0.8516,1.368,0.375,0.684,0.2697,2.6075,0.1667,0.4701,1.2379,0.5115,1.023,2.046,0.2559,1.4976,0.2181,0.5604,0.8765,0.0468,1.4976,0.0971,0.0175,0.0087,0.0044,0.035,0.3692,0.098,0.0245,0.1368,0.0313,0.0067,0.0617,0.6652,1.0633,0.1497,0.3234,0.0324,0.0656,0.8162,1.6323,0.1702,0.3796,0.0343,0.0945,1.5946,1.6323,0.136,0.2721,0.034,0.068,0.9229,1.6323,0.1553,0.2869,0.0355,0.0693,14.4,2.1992,0.4143,9.6648,1.2098,3.672,0.1537,0.3472,0.6302,0.0323,0.0728,1.2108,0.1582,0.3267,0.6796,0.0341,0.0691,0.8556,1.7103,0.1556,0.4354,0.0356,0.0859,1.9981,1.71,0.1425,0.285,0.0356,0.0713,0.855,1.71,0.1444,0.3877,0.0356,0.0759,0.002,0.1114,0.0278,0.0139,0.0035,0.0069,0.0557,0.1002,0.0251,0.0125,0.0031,0.0016,0.0063,0.0501,2.0691,9.6217,13.344,0.5004,14.2272,1.0008,2.0263,0.2502,1.3392,0.2232,0.3348,0.7594,0.06,0.1453
2018-11-08 08:29:15,0.0135,0.1025,0.1175,0.2372,0.4785,0.0294,0.0588,0.1496,0.2715,0.5675,0.0308,0.062,1.1659,0.1298,0.2659,0.5861,0.0329,0.0703,1.1659,0.2218,0.2591,0.5842,0.0324,0.0718,0.414,0.828,1.656,0.207,13.2,0.495,0.99,0.2264,0.8289,4.56,0.3742,0.684,0.2391,1.32,0.165,0.3432,0.66,0.6302,1.023,2.046,0.2559,1.4976,0.2016,0.4528,2.496,0.0468,1.4976,0.1047,0.0175,0.0087,0.0044,0.035,0.3821,0.098,0.0245,0.1245,0.0308,0.0067,0.0618,0.7561,1.1798,0.1548,0.3617,0.0324,0.0654,0.8241,1.6323,0.1563,0.3398,0.0357,0.0739,1.5289,1.6323,0.136,0.2721,0.034,0.068,1.1122,1.6323,0.2272,0.3073,0.0344,0.0698,4.32,2.1985,0.279,7.5685,1.0169,4.7424,0.1539,0.3341,1.1885,0.0323,0.0654,1.2919,0.1495,0.2911,0.6535,0.0339,0.0709,0.8632,1.7103,0.1564,0.2921,0.0356,0.077,1.921,1.71,0.1425,0.285,0.0356,0.0713,3.445,6.89,0.1448,0.3235,0.0356,0.0786,0.002,0.1114,0.0278,0.0139,0.0035,0.0069,0.0557,0.1002,0.0251,0.0125,0.0031,0.0016,0.0063,0.0501,2.0615,9.3892,13.344,0.5004,14.7667,1.0008,2.0032,0.2502,1.3392,0.2232,0.3616,0.7129,0.0623,0.1556
2018-11-08 12:21:58,0.0135,0.0909,0.1177,0.2374,0.4783,0.0294,0.0588,0.1234,0.2513,0.5714,0.0308,0.0632,1.1659,0.1675,0.2881,0.5877,0.0341,0.0688,1.1659,0.1433,0.2591,0.599,0.0324,0.0691,0.4142,0.828,1.656,0.207,13.2,0.495,0.99,0.2072,0.78,3.3502,0.381,0.684,0.3116,1.32,0.165,0.33,0.66,0.5115,1.023,2.046,0.2559,4.992,0.1956,0.5027,0.8768,0.156,4.992,0.0972,0.0175,0.0087,0.0081,0.035,0.0501,0.98,0.0245,0.1242,0.0308,0.0067,0.0632,0.8424,1.161,0.175,0.3236,0.0324,0.0655,0.8162,1.6323,0.1645,0.3419,0.0347,0.0742,1.5004,1.6323,0.136,0.2721,0.034,0.068,0.9156,1.6323,0.1694,0.2873,0.034,0.0717,4.32,7.2,0.2755,9.6418,1.2127,3.908,0.161,0.3605,0.6197,0.0323,0.0683,1.2189,0.158,0.6013,0.5977,0.0339,0.0694,0.8643,1.7103,0.1564,0.3369,0.0356,0.1198,1.9864,1.71,0.1425,0.285,0.0356,0.0713,0.855,6.89,0.1448,0.3245,0.0356,0.0752,0.002,0.1114,0.0278,0.0139,0.0035,0.0069,0.0557,0.1002,0.0252,0.0125,0.0031,0.0016,0.0063,0.0501,2.0744,9.0909,13.344,0.5004,15.359,1.0008,2.0016,0.2502,1.3392,0.2232,0.3732,0.7366,0.058,0.1374
2018-11-08 13:53:31,0.0136,0.1215,0.1175,0.2368,0.4816,0.0294,0.0588,0.1234,0.2528,0.5562,0.0308,0.0617,1.167,0.1296,0.3184,0.583,0.0343,0.0706,1.1659,0.1305,0.3294,0.5846,0.0324,0.0717,0.414,0.828,1.656,0.207,13.2,0.495,0.99,0.2759,0.78,3.4515,0.3791,0.684,0.2382,2.6075,0.1681,0.33,0.66,0.5115,1.023,2.046,0.2559,1.4976,0.195,1.248,0.9234,0.0468,1.4976,0.0972,0.0175,0.0087,0.0083,0.035,0.049,0.098,0.0245,0.124,0.0314,0.0067,0.0618,0.6653,1.0623,0.1734,0.2788,0.0394,0.0648,0.8162,1.6323,0.1594,0.3779,0.0346,0.0843,1.546,1.6323,0.136,0.2721,0.034,0.068,0.8704,1.6323,0.1725,0.2768,0.0348,0.0845,4.32,2.16,0.2835,7.5046,1.2089,4.7199,0.1769,0.3457,0.6297,0.0323,0.0725,1.2176,0.1428,0.3592,0.6509,0.0339,0.0711,0.8659,1.7103,0.1481,0.3755,0.0356,0.0855,1.985,1.71,0.1425,0.3422,0.0356,0.0713,3.445,1.727,0.1434,0.3099,0.0356,0.0754,0.002,0.1114,0.0278,0.0139,0.0035,0.0069,0.0557,0.1002,0.0251,0.0125,0.0031,0.0016,0.0063,0.0501,2.0627,9.0826,13.344,0.5004,26.688,1.0008,2.0016,0.2502,1.3392,0.2232,0.3348,0.7193,0.0627,0.1427
2018-11-08 14:59:29,0.0136,0.0752,0.1175,0.2369,0.4775,0.0294,0.0588,0.1301,0.2681,0.5688,0.0308,0.0617,1.1663,0.1467,0.2658,0.5953,0.0324,0.0701,1.1659,0.1385,0.3283,0.583,0.0324,0.0689,0.414,0.828,1.656,0.207,13.2,0.495,0.99,0.2344,0.8563,3.5774,0.3749,0.684,0.2694,2.507,0.165,0.4698,1.2026,0.6302,1.023,2.046,0.2559,1.4976,0.2223,0.462,0.8949,0.0468,1.4976,0.1035,0.0175,0.0087,0.0086,0.035,0.3969,0.098,0.0245,0.1373,0.0311,0.0067,0.0633,0.7497,1.0897,0.1554,0.3083,0.0391,0.0648,0.8241,1.6323,0.1718,0.3399,0.0347,0.0942,0.8162,1.6323,0.136,0.2721,0.034,0.068,1.0988,1.6323,0.1552,0.3554,0.0356,0.0753,4.32,2.16,0.2785,9.6418,1.2102,3.922,0.154,0.3123,0.6293,0.0323,0.0655,1.2988,0.1455,0.3017,0.6786,0.0339,0.0679,0.8683,1.7103,0.1562,0.4395,0.0356,0.0851,1.9077,1.71,0.1425,0.3484,0.0356,0.0713,0.855,3.467,0.1445,0.3904,0.0356,0.0793,0.002,0.1114,0.0278,0.0139,0.0035,0.0069,0.0557,0.1002,0.0251,0.0125,0.0031,0.0016,0.0063,0.0501,2.0728,4.0014,13.344,0.5004,26.688,1.0008,2.0081,0.2502,1.3392,0.2232,0.3889,0.7586,0.0558,0.1451
2018-11-08 16:05:27,0.0137,0.1055,0.1175,0.2371,0.4784,0.0294,0.0588,0.1503,0.3269,0.5546,0.0308,0.0617,1.1659,0.1674,0.3042,0.5862,0.0336,0.0712,1.1659,0.1303,0.328,0.583,0.0324,0.0685,0.414,0.828,1.656,0.207,13.2,0.495,3.3,0.2272,0.8297,1.368,0.3831,0.684,0.2372,1.32,0.1692,0.3455,1.1768,0.5115,1.023,2.046,0.2559,1.4976,0.2187,0.4447,1.0101,0.0468,1.4976,0.1064,0.0175,0.0087,0.0089,0.035,0.0498,0.098,0.0245,0.1243,0.0312,0.0067,0.0618,0.8365,1.061,0.1498,0.3254,0.0392,0.065,0.8162,1.6323,0.1573,0.3731,0.0343,0.074,1.4915,1.6323,0.136,0.2721,0.034,0.068,0.9082,1.6323,0.2259,0.2721,0.034,0.0719,14.4,2.16,0.2793,7.5046,1.2137,12.24,0.1542,0.3456,1.1918,0.0323,0.0719,1.2092,0.1494,0.3677,0.5556,0.0339,0.0693,0.855,1.7103,0.144,0.2915,0.0356,0.1193,1.8562,1.71,0.1425,0.3664,0.0356,0.0713,0.855,1.7296,0.1444,0.347,0.0356,0.0713,0.002,0.1114,0.0278,0.0139,0.0035,0.0069,0.0557,0.1002,0.0251,0.0125,0.0031,0.0016,0.0074,0.0501,2.0638,4.0014,13.344,0.5004,15.7726,1.0008,2.012,0.2502,1.3392,0.2232,0.3348,0.7153,0.0601,0.1562
2018-11-08 17:11:25,0.0135,0.0747,0.1176,0.2373,0.4786,0.0294,0.0588,0.1497,0.2724,0.5683,0.0308,0.0632,1.1659,0.1508,0.2811,0.5876,0.0339,0.0648,1.1659,0.2211,0.3266,0.583,0.0324,0.0648,0.414,0.828,1.656,0.207,13.2,0.495,0.99,0.2078,0.7842,3.6936,0.3746,0.684,0.271,1.32,0.1708,0.4699,1.1407,0.5115,1.023,2.046,0.2559,1.4976,0.2017,0.5627,0.8756,0.0468,1.4976,0.1049,0.0175,0.0087,0.0044,0.035,0.4031,0.98,0.0245,0.124,0.0308,0.0067,0.0617,0.6652,1.0628,0.1497,0.3616,0.0393,0.0673,0.8162,1.6323,0.1846,0.3398,0.0357,0.0741,1.4543,1.6323,0.136,0.2721,0.034,0.068,0.866,1.648,0.1724,0.2875,0.034,0.0699,4.32,7.2,0.412,7.344,1.0136,4.7463,0.1765,0.3124,0.6172,0.0323,0.0682,1.29,0.1663,0.2905,1.1826,0.0341,0.069,0.855,1.7103,0.1563,0.3372,0.0356,0.0771,0.855,1.71,0.1425,0.285,0.0356,0.0713,3.445,1.7311,0.1446,0.3233,0.0356,0.0787,0.002,0.1114,0.0278,0.0139,0.0035,0.0069,0.0557,0.1002,0.0251,0.0125,0.0031,0.0016,0.0073,0.0501,2.082,4.0014,13.344,0.5004,16.4074,1.0008,2.0286,0.2502,1.3392,0.2232,0.3348,0.7082,0.0622,0.1419
2018-11-08 18:20:16,0.0138,0.0931,0.1176,0.2372,0.4818,0.0294,0.0588,0.1304,0.2878,0.5959,0.0308,0.062,1.1659,0.1297,0.2896,0.5956,0.0328,0.0705,1.1659,0.1426,0.2591,0.5986,0.0324,0.0713,0.414,0.828,1.656,0.207,13.2,0.495,0.99,0.2275,0.8635,1.3701,0.3805,0.684,0.3029,2.4008,0.1729,0.4702,1.1264,0.6259,1.023,2.046,0.2559,1.4976,0.1949,0.4535,0.8711,0.0468,4.992,0.0973,0.0175,0.0087,0.0044,0.035,0.0493,0.098,0.0245,0.1377,0.0308,0.0067,0.0617,0.7468,1.1555,0.1327,0.2888,0.0324,0.0674,0.8162,1.6323,0.16,0.3782,0.0347,0.0734,1.4968,1.6323,0.136,0.2721,0.034,0.068,1.1008,1.6635,0.1699,0.3075,0.034,0.0849,4.32,2.1985,0.2756,9.5684,1.2115,3.9426,0.1605,0.3604,0.6312,0.0323,0.0654,1.2195,0.1426,0.3264,0.6555,0.0339,0.0692,0.855,1.7103,0.1478,0.3745,0.0356,0.1211,1.9301,1.71,0.1425,0.285,0.0356,0.0713,0.855,3.386,0.1425,0.3236,0.0356,0.0745,0.0021,0.1114,0.0278,0.0139,0.0035,0.0069,0.0557,0.1002,0.0253,0.0126,0.0031,0.0016,0.0063,0.0501,2.0007,4.0014,13.344,0.5004,16.9609,1.0008,2.0499,0.2502,1.3392,0.2232,0.3348,0.719,0.0629,0.1557
2018-11-08 19:26:13,0.0137,0.1083,0.1175,0.2365,0.4773,0.0294,0.0588,0.1504,0.2517,0.573,0.0308,0.0617,1.1659,0.1466,0.3202,0.5877,0.0336,0.0705,1.1659,0.1384,0.2591,0.5839,0.0324,0.0648,0.414,0.828,1.656,0.207,13.2,0.495,0.99,0.2761,0.8314,1.368,0.3752,0.684,0.225,1.32,0.1744,0.349,0.66,0.5115,1.023,2.046,0.2559,4.992,0.2216,0.5053,0.8964,0.156,1.4976,0.1032,0.0175,0.0087,0.0044,0.035,0.049,0.098,0.0245,0.1239,0.0314,0.0067,0.0618,0.665,1.1729,0.1752,0.3081,0.0324,0.0654,0.8162,1.6323,0.1576,0.2721,0.0346,0.084,1.4065,1.6323,0.136,0.2721,0.034,0.068,0.8162,1.6529,0.1528,0.2765,0.0356,0.075,4.32,7.2,0.2838,24.48,1.2148,4.8139,0.1541,0.3135,1.1914,0.0323,0.0712,1.2168,0.1583,0.6039,0.5946,0.0339,0.0713,0.855,1.7103,0.1551,0.4362,0.0356,0.0713,1.8628,1.71,0.1425,0.285,0.0356,0.0713,3.445,3.2698,0.1425,0.3106,0.0356,0.0791,0.002,0.1114,0.0278,0.0139,0.0035,0.0069,0.0557,0.1002,0.0255,0.0125,0.0031,0.0016,0.0063,0.0501,2.0007,4.0014,13.344,0.5004,17.4259,1.0008,2.0016,0.2502,1.3392,0.2232,0.399,0.7593,0.0581,0.1206
2018-11-08 21:38:03,0.0134,0.118,0.1175,0.2372,0.4787,0.0294,0.0588,0.1498,0.253,0.5575,0.0308,0.0621,1.1659,0.1511,0.3054,0.5866,0.0343,0.0687,1.1659,0.1302,0.3252,0.5988,0.0324,0.0685,0.414,0.828,1.656,0.207,13.2,0.495,0.99,0.2355,0.7887,1.368,0.377,0.684,0.2361,2.3537,0.165,0.3539,0.66,0.5115,1.023,2.046,0.2559,1.4976,0.202,0.4623,0.9268,0.0468,1.4976,0.1052,0.0175,0.0087,0.0092,0.035,0.0494,0.098,0.0245,0.124,0.0315,0.0067,0.0633,0.6477,1.0621,0.1719,0.3274,0.0324,0.0655,0.8242,1.6323,0.1644,0.3407,0.0346,0.0739,1.4468,1.6323,0.136,0.2721,0.034,0.068,0.8162,1.6323,0.1554,0.3553,0.0348,0.0694,4.32,2.16,0.4078,7.4208,1.2072,3.672,0.1608,0.345,0.6284,0.0323,0.0681,1.3045,0.1494,0.3587,0.6491,0.0339,0.0691,0.8683,1.7103,0.1441,0.285,0.0356,0.077,1.8021,1.71,0.1425,0.285,0.0356,0.0713,0.855,1.7338,0.1445,0.3906,0.0356,0.0786,0.002,0.1114,0.0278,0.0139,0.0035,0.0069,0.0557,0.1002,0.0257,0.0125,0.0031,0.0016,0.0072,0.0501,2.0007,8.747,13.344,0.5004,26.688,1.0008,2.0016,0.2502,1.3392,0.2232,0.4085,0.7102,0.062,0.1371
2018-11-08 22:42:51,0.0136,0.0979,0.1177,0.2367,0.4777,0.0294,0.0588,0.1305,0.3254,0.5956,0.0308,0.0617,1.167,0.1673,0.266,0.5959,0.0337,0.0705,1.1659,0.1385,0.2591,0.5991,0.0324,0.0683,0.414,0.828,1.656,0.207,13.2,0.495,3.3,0.2086,0.7931,4.56,0.3841,0.684,0.2721,2.2551,0.165,0.4698,1.0933,0.6259,1.023,2.046,0.2559,1.4976,0.2185,0.445,1.0081,0.0468,1.4976,0.1065,0.0175,0.0087,0.0096,0.035,0.4207,0.98,0.0245,0.1239,0.0312,0.0067,0.0618,0.8345,1.0884,0.1501,0.3246,0.0324,0.0648,0.825,1.6323,0.1723,0.3722,0.0357,0.0743,1.4496,1.6323,0.136,0.2721,0.034,0.068,0.9011,1.6323,0.2256,0.2878,0.0358,0.0722,14.4,2.16,0.2798,9.5684,0.9863,3.9904,0.176,0.3335,0.6179,0.0323,0.0655,1.2148,0.1455,0.3009,1.1844,0.0339,0.0715,0.855,1.7103,0.1567,0.2908,0.0356,0.0847,1.8591,1.71,0.1425,0.3802,0.0356,0.0713,0.855,3.1518,0.1433,0.3461,0.0356,0.0742,0.002,0.1114,0.0278,0.0139,0.0035,0.0069,0.0557,0.1002,0.0258,0.0125,0.0031,0.0016,0.0063,0.0501,2.0664,8.5356,13.344,0.5004,26.688,1.0008,2.0671,0.2502,1.3392,0.2232,0.4148,0.6877,0.0603,0.1448
2018-11-08 23:47:39,0.0137,0.0743,0.1175,0.2367,0.4789,0.0294,0.0588,0.1492,0.2689,0.5708,0.0308,0.0617,1.1669,0.1298,0.284,0.583,0.0339,0.0687,1.1659,0.1304,0.2591,0.5992,0.0324,0.0683,0.414,0.828,1.656,0.207,13.2,0.495,0.99,0.2772,0.8748,3.7595,0.3799,0.684,0.2924,2.1825,0.165,0.4699,0.66,0.6251,1.023,2.046,0.2559,1.4976,0.624,0.5673,0.8805,0.0468,1.4976,0.0974,0.0175,0.0087,0.0099,0.035,0.0493,0.098,0.0245,0.1238,0.0308,0.0067,0.0634,0.6477,1.0611,0.1558,0.2802,0.0324,0.0653,0.8251,1.6323,0.1642,0.3393,0.0347,0.0735,0.8162,1.6323,0.136,0.2721,0.034,0.068,0.864,1.6323,0.1702,0.3077,0.0359,0.074,4.32,2.16,0.2759,7.4208,1.2171,4.8162,0.1544,0.361,0.6332,0.0323,0.0711,1.212,0.1663,0.3671,0.5562,0.0339,0.0717,0.855,1.7103,0.1477,0.434,0.0356,0.0716,0.855,1.71,0.1425,0.3776,0.0356,0.0713,3.445,1.71,0.1432,0.3225,0.0356,0.0756,0.002,0.1114,0.0278,0.0139,0.0035,0.0069,0.0557,0.1002,0.0251,0.0125,0.0031,0.0016,0.0063,0.0501,2.0007,8.2645,13.344,0.5004,17.908,1.0008,2.0016,0.2502,1.3392,0.2232,0.3348,0.7143,0.0631,0.1411
2018-11-09 02:04:17,0.0136,0.1137,0.1177,0.2373,0.482,0.0294,0.0588,0.1502,0.274,0.567,0.0308,0.0617,1.1659,0.1299,0.2906,0.588,0.0328,0.0705,1.1659,0.1301,0.2591,0.583,0.0324,0.0709,0.414,0.828,1.656,0.207,13.2,0.495,0.99,0.2358,0.8329,3.9428,0.3751,0.684,0.2355,1.32,0.1775,0.3543,1.0933,0.6262,1.023,2.046,0.2559,1.4976,0.1944,0.4448,0.9008,0.0468,4.992,0.1033,0.0175,0.0087,0.0101,0.035,0.049,0.098,0.0245,0.1238,0.0308,0.0067,0.0619,0.7443,1.085,0.1498,0.3591,0.0394,0.0648,0.8162,1.6323,0.1597,0.3417,0.0358,0.0838,1.3899,1.6323,0.136,0.2721,0.034,0.068,1.1101,1.6323,0.153,0.3544,0.0349,0.0701,4.32,7.2,0.2796,9.5055,1.2166,4.0135,0.1554,0.3121,1.1955,0.0323,0.0654,1.2159,0.1488,0.2915,0.6582,0.0341,0.069,0.855,1.7103,0.1425,0.3386,0.0357,0.0716,1.7467,1.71,0.1425,0.3739,0.0356,0.0713,0.855,6.89,0.1443,0.3116,0.0356,0.0789,0.002,0.1114,0.0278,0.0139,0.0035,0.0069,0.0557,0.1002,0.0251,0.0127,0.0031,0.0016,0.0063,0.0501,2.0858,4.0014,13.344,0.5004,18.3786,1.0008,2.0016,0.2502,1.3392,0.2232,0.428,0.7527,0.0582,0.155
2018-11-09 03:09:04,0.013,0.1006,0.1175,0.2366,0.478,0.0294,0.0588,0.1307,0.2885,0.5552,0.0308,0.0632,1.1659,0.1464,0.3197,0.5967,0.0344,0.0707,1.1659,0.2201,0.2591,0.5999,0.0324,0.0685,0.414,0.828,1.656,0.207,13.2,0.495,0.99,0.2277,0.7974,4.104,0.3785,0.684,0.2708,1.32,0.1798,0.33,0.66,0.5115,1.023,2.046,0.2559,1.4976,0.1948,0.506,0.8698,0.0468,1.4976,0.0973,0.0175,0.0087,0.0044,0.035,0.441,0.098,0.0245,0.1382,0.0313,0.0067,0.0618,0.6477,1.0594,0.1751,0.289,0.0395,0.065,0.8162,1.6323,0.1718,0.3774,0.0348,0.0939,1.3691,1.6323,0.136,0.2721,0.034,0.068,0.8934,1.653,0.1726,0.2762,0.036,0.0738,4.32,2.2086,0.2835,24.48,0.9497,4.8116,0.161,0.3607,0.6262,0.0323,0.0656,1.2888,0.1426,0.3589,0.5927,0.0339,0.0693,0.855,1.7103,0.1442,0.3723,0.0356,0.0847,1.8164,1.71,0.1425,0.374,0.0356,0.0713,0.855,6.89,0.1445,0.3245,0.0356,0.0788,0.0021,0.1114,0.0278,0.0139,0.0035,0.0069,0.0557,0.1002,0.0251,0.0128,0.0031,0.0016,0.0063,0.0501,2.0707,4.0014,13.344,0.5004,19.0818,1.0008,2.0671,0.2502,1.3392,0.2232,0.3348,0.6696,0.0604,0.1373
2018-11-09 04:13:51,0.0136,0.0735,0.1176,0.2368,0.4772,0.0294,0.0588,0.1234,0.2522,0.5731,0.0308,0.0617,1.1659,0.1665,0.2673,0.5869,0.0324,0.0689,1.1659,0.1305,0.2591,0.583,0.0324,0.0708,0.414,0.828,1.656,0.207,13.2,0.495,0.99,0.2088,0.8815,1.368,0.3855,0.684,0.2832,2.152,0.1792,0.33,0.66,0.5115,1.023,2.046,0.2559,4.992,0.221,0.4608,0.924,0.156,1.4976,0.1051,0.0175,0.0087,0.0044,0.035,0.4526,0.98,0.0245,0.1238,0.0315,0.0067,0.0635,0.665,1.1659,0.1709,0.2896,0.0397,0.0676,0.8252,1.6323,0.1574,0.3384,0.0345,0.074,1.4054,1.6323,0.136,0.2721,0.034,0.068,0.8606,1.6353,0.2267,0.2862,0.0344,0.0848,4.32,2.219,0.2754,7.344,1.2105,4.0301,0.1555,0.3462,0.634,0.0323,0.068,1.2199,0.1583,0.3267,0.6476,0.0339,0.0719,0.8718,1.7103,0.1541,0.2907,0.0356,0.1211,0.8763,1.71,0.1425,0.285,0.0356,0.0713,3.445,1.7351,0.1444,0.3418,0.0356,0.0745,0.002,0.1114,0.0278,0.0139,0.0035,0.0069,0.0557,0.1002,0.0251,0.0125,0.0031,0.0016,0.0063,0.0501,2.005,4.0014,13.344,0.5004,26.688,1.0008,2.094,0.2502,1.3392,0.2232,0.3348,0.6696,0.0635,0.1195
2018-11-09 05:18:37,0.0137,0.1121,0.1176,0.2365,0.4781,0.0294,0.0588,0.1499,0.2532,0.5584,0.0308,0.0633,1.1659,0.1498,0.3066,0.5881,0.0327,0.0712,1.1659,0.139,0.2591,0.583,0.0324,0.0679,0.4162,0.8301,1.656,0.207,13.2,0.495,3.3,0.2774,0.8345,1.368,0.3786,0.684,0.271,1.32,0.1782,0.3612,0.66,0.6255,1.023,2.046,0.2559,1.4976,0.2024,0.5644,1.002,0.0468,1.4976,0.1064,0.0175,0.0087,0.0044,0.035,0.049,0.098,0.0245,0.1376,0.0316,0.0067,0.0619,0.8345,1.0619,0.15,0.2799,0.0324,0.0676,0.8162,1.6323,0.1845,0.3724,0.0347,0.0744,1.3559,1.6323,0.136,0.2721,0.034,0.068,0.8817,1.6598,0.1536,0.3079,0.0362,0.0718,14.4,2.2313,0.2788,9.4936,1.2146,12.24,0.1761,0.3326,0.6145,0.0323,0.0656,1.2155,0.166,0.6016,1.1704,0.0339,0.0689,0.8728,1.7103,0.1573,0.3386,0.0356,0.077,1.8087,1.71,0.1425,0.285,0.0356,0.0713,0.855,3.3125,0.1431,0.3889,0.0356,0.0758,0.002,0.1114,0.0278,0.0139,0.0035,0.0069,0.0557,0.1002,0.0261,0.0125,0.0031,0.0016,0.0063,0.0501,2.0968,7.9518,13.344,0.5004,26.688,1.0008,2.1184,0.2502,1.3392,0.2232,0.4433,0.7489,0.0583,0.1447
2018-11-09 06:23:24,0.013,0.1106,0.1175,0.2366,0.4819,0.0294,0.0588,0.1504,0.2697,0.5953,0.0308,0.0621,1.1659,0.1299,0.2908,0.5968,0.0338,0.0706,1.1659,0.1422,0.3252,0.583,0.0324,0.0684,0.417,0.8598,1.656,0.207,13.2,0.495,0.99,0.2367,0.78,4.56,0.3749,0.684,0.2753,2.0806,0.165,0.3651,1.0726,0.5115,1.023,2.046,0.2559,1.4976,0.1945,0.4555,0.8799,0.0468,1.4976,0.312,0.0175,0.0087,0.0105,0.035,0.049,0.098,0.0245,0.1367,0.0308,0.0067,0.0636,0.7443,1.158,0.1326,0.325,0.0324,0.0648,0.8162,1.6323,0.1592,0.3432,0.0343,0.0837,1.3307,1.6323,0.136,0.2721,0.034,0.068,1.1114,1.6645,0.1698,0.3539,0.034,0.0737,4.32,7.2,0.4093,7.4153,1.2097,4.8406,0.1553,0.313,0.6227,0.0323,0.068,1.3117,0.1454,0.3661,0.6754,0.0341,0.0694,0.8747,1.7103,0.1478,0.3723,0.0356,0.0715,1.8045,1.71,0.1425,0.285,0.0356,0.0713,3.445,1.7177,0.1425,0.3241,0.0356,0.0788,0.002,0.1114,0.0278,0.0139,0.0035,0.0069,0.0557,0.1002,0.0251,0.0125,0.0031,0.0016,0.0072,0.0501,2.0775,4.0014,13.344,0.5004,19.2403,1.0008,2.0016,0.2502,1.3392,0.2232,0.3348,0.7101,0.0621,0.1543
2018-11-09 07:28:12,0.0137,0.101,0.1175,0.2365,0.4775,0.0294,0.0588,0.1308,0.3243,0.5664,0.0308,0.0617,1.1659,0.1462,0.2875,0.583,0.034,0.0708,1.1659,0.13,0.3249,0.5833,0.0324,0.0707,0.4198,0.8625,1.656,0.207,13.2,0.495,0.99,0.2785,0.8037,4.1798,0.3805,0.684,0.2349,1.9841,0.165,0.3744,1.037,0.5115,1.023,2.046,0.2559,1.4976,0.2208,0.5056,0.8802,0.0468,4.992,0.312,0.0175,0.0087,0.0106,0.035,0.466,0.098,0.0245,0.1365,0.0308,0.0067,0.0618,0.6477,1.0594,0.1547,0.3088,0.0324,0.0648,0.8162,1.6323,0.172,0.3784,0.0348,0.0938,0.8162,1.6323,0.136,0.2721,0.034,0.068,0.8524,1.6448,0.1558,0.2761,0.034,0.0846,4.32,2.16,0.2835,9.4449,1.2158,4.0379,0.1613,0.3469,1.1741,0.0323,0.0711,1.2135,0.148,0.2911,0.5559,0.0339,0.0679,0.8765,1.7103,0.1545,0.434,0.0357,0.0841,1.6875,1.71,0.1425,0.285,0.0356,0.0713,0.855,3.2272,0.1425,0.3095,0.0356,0.0791,0.002,0.1114,0.0278,0.0139,0.0035,0.0069,0.0557,0.1002,0.0251,0.0125,0.0031,0.0016,0.0073,0.0501,2.0845,4.0014,13.344,0.5004,19.8547,1.0008,2.0016,0.2502,1.3392,0.2232,0.4539,0.7087,0.0638,0.1398
2018-11-09 08:32:59,0.0136,0.0736,0.1177,0.2365,0.4774,0.0294,0.0588,0.1234,0.276,0.5739,0.0308,0.0617,1.1659,0.1666,0.3208,0.5871,0.0339,0.0648,1.1659,0.139,0.3242,0.5999,0.0324,0.0674,0.414,0.828,1.656,0.207,13.2,0.495,0.99,0.2375,0.8908,4.3591,0.3793,0.684,0.2346,1.32,0.1753,0.4699,0.9939,0.6255,1.023,2.046,0.2559,1.4976,0.2015,0.4444,1.0027,0.0468,1.4976,0.0974,0.0175,0.0087,0.0109,0.035,0.049,0.98,0.0245,0.1238,0.0313,0.0067,0.0619,0.6651,1.1699,0.1697,0.3273,0.0324,0.065,0.8162,1.6323,0.1579,0.3726,0.0358,0.0739,1.3152,1.6323,0.136,0.2721,0.034,0.068,0.8757,1.6676,0.1733,0.286,0.0363,0.0739,4.32,2.16,0.4093,7.3952,1.2206,3.672,0.1557,0.3636,0.6319,0.0323,0.0655,1.2223,0.1422,0.3251,0.6527,0.0339,0.069,0.855,1.7103,0.1443,0.2907,0.0358,0.0713,0.879,1.71,0.1425,0.3701,0.0356,0.0713,0.855,1.7185,0.1444,0.3252,0.0356,0.0759,0.0021,0.1114,0.0278,0.0139,0.0035,0.0069,0.0557,0.1002,0.0251,0.0129,0.0031,0.0016,0.0063,0.0501,2.0847,4.0014,13.344,0.5004,20.4072,1.0008,2.1458,0.2502,1.3392,0.2232,0.4755,0.747,0.0606,0.1195
2018-11-09 09:37:46,0.0138,0.1149,0.1175,0.2363,0.4817,0.0294,0.0588,0.1234,0.2891,0.5573,0.0308,0.0617,1.1659,0.13,0.3074,0.5973,0.0341,0.0713,1.1659,0.2201,0.3228,0.583,0.0324,0.0705,0.414,0.828,1.656,0.207,13.2,0.495,0.99,0.2282,0.8367,1.368,0.3867,0.684,0.2667,1.32,0.165,0.33,0.66,0.6222,1.023,2.046,0.2559,1.4976,0.2189,0.4604,0.9039,0.0468,1.4976,0.1033,0.0175,0.0087,0.0113,0.035,0.049,0.098,0.0245,0.1238,0.0316,0.0067,0.0636,0.8274,1.1582,0.1502,0.359,0.0324,0.0653,0.8162,1.6323,0.1587,0.3398,0.0348,0.0839,1.3608,1.6323,0.136,0.2721,0.034,0.068,1.1032,1.6441,0.1693,0.3091,0.0349,0.0694,4.32,2.16,0.2788,7.4055,1.207,4.0528,0.1763,0.3329,0.6135,0.0323,0.0679,1.2152,0.1585,0.3588,0.5937,0.0339,0.0723,0.855,1.7103,0.1574,0.3378,0.0356,0.0767,1.7539,1.71,0.1425,0.3686,0.0356,0.0713,3.445,3.1401,0.1446,0.3222,0.0356,0.0739,0.002,0.1114,0.0278,0.0139,0.0035,0.0069,0.0557,0.1002,0.0261,0.0125,0.0031,0.0016,0.0063,0.0501,2.0852,4.0014,13.344,0.5004,21.202,1.0008,2.1458,0.2502,1.3392,0.2232,0.3348,0.7126,0.0584,0.1373
2018-11-09 10:42:37,0.0139,0.1072,0.1176,0.2368,0.4781,0.0294,0.0588,0.1507,0.3233,0.5733,0.0309,0.0617,1.1659,0.13,0.2687,0.5875,0.0326,0.0691,1.1659,0.1305,0.2591,0.583,0.0324,0.0682,0.414,0.828,1.656,0.207,13.2,0.495,3.3,0.2092,0.8091,4.56,0.3743,0.684,0.2691,1.9564,0.1743,0.33,0.66,0.6216,1.023,2.046,0.2559,4.992,0.1946,0.5643,0.9272,0.156,1.4976,0.0973,0.0175,0.0087,0.0117,0.035,0.49,0.098,0.0245,0.1239,0.0317,0.0067,0.0639,0.7448,1.0597,0.1497,0.3088,0.0398,0.0654,0.8162,1.6323,0.1849,0.3442,0.0345,0.0736,1.2796,1.6323,0.136,0.2721,0.034,0.068,0.8514,1.6617,0.154,0.3547,0.0344,0.084,14.4,7.2,0.2796,9.427,1.212,4.8821,0.1551,0.3135,0.6144,0.0323,0.0713,1.2171,0.1394,0.5936,1.1698,0.0339,0.0724,0.855,1.7103,0.1445,0.3703,0.0356,0.1218,1.7547,1.71,0.1425,0.3672,0.0356,0.0713,0.855,1.721,0.143,0.388,0.0356,0.0713,0.0021,0.1114,0.0278,0.0139,0.0035,0.0069,0.0557,0.1002,0.0263,0.0125,0.0031,0.0016,0.0072,0.0501,2.0007,4.0014,13.344,0.5004,26.688,1.0008,2.195,0.2502,1.3392,0.2232,0.3348,0.711,0.0558,0.1398
2018-11-09 11:47:24,0.014,0.0738,0.1175,0.2366,0.4781,0.0294,0.0588,0.1509,0.2526,0.5582,0.031,0.0633,1.1659,0.1465,0.293,0.598,0.0345,0.0707,1.1659,0.1422,0.2591,0.5833,0.0324,0.0648,0.414,0.828,1.656,0.207,13.2,0.495,0.99,0.2795,0.8981,1.368,0.3813,0.684,0.2345,1.8937,0.1749,0.378,0.987,0.5115,1.023,2.046,0.2559,1.5436,0.1947,0.4564,2.496,0.0468,1.5106,0.1064,0.0175,0.0087,0.0044,0.035,0.049,0.098,0.0245,0.1366,0.0308,0.0067,0.0619,0.6654,1.0735,0.1557,0.2799,0.0324,0.0655,0.8252,1.6323,0.1725,0.3773,0.0343,0.0937,1.3178,1.6323,0.136,0.2721,0.034,0.068,0.8162,1.6323,0.2263,0.2855,0.0342,0.072,4.32,2.2309,0.2754,7.3523,1.2154,4.0615,0.1562,0.332,1.2002,0.0323,0.0654,1.3179,0.1663,0.3656,0.6468,0.0339,0.0688,0.855,1.7103,0.1477,0.4319,0.0356,0.0714,1.6409,1.71,0.1425,0.366,0.0356,0.0713,3.445,3.0525,0.1443,0.3234,0.0356,0.0787,0.002,0.1114,0.0278,0.0139,0.0035,0.0069,0.0557,0.1002,0.0264,0.0125,0.0031,0.0016,0.0063,0.0501,2.0007,4.0014,13.344,0.5004,26.688,1.0008,2.2366,0.2502,1.3392,0.2232,0.3348,0.7475,0.0618,0.1185
2018-11-09 12:52:12,0.014,0.1059,0.1175,0.2363,0.477,0.0294,0.0588,0.1311,0.2767,0.5947,0.0308,0.0621,1.166,0.1667,0.3234,0.5872,0.034,0.071,1.1659,0.1389,0.3219,0.583,0.0324,0.067,0.414,0.828,1.656,0.207,13.2,0.495,0.99,0.2383,0.8385,4.56,0.3869,0.684,0.225,1.32,0.165,0.4698,0.66,0.5115,1.023,2.046,0.2559,1.6154,0.2201,0.4447,0.9052,0.0468,1.5603,0.0975,0.0175,0.0087,0.0044,0.035,0.049,0.98,0.0245,0.1368,0.0308,0.0067,0.0641,0.7464,1.0585,0.1702,0.3273,0.0324,0.0678,0.8253,1.6323,0.1637,0.3724,0.0348,0.0747,1.2749,1.6323,0.136,0.2661,0.034,0.068,0.8162,1.6323,0.1738,0.2763,0.034,0.0741,4.32,2.2272,0.2801,9.3018,1.2032,3.676,0.1556,0.3466,0.6249,0.0323,0.0678,1.2915,0.1452,0.2997,0.6778,0.0341,0.0725,0.8774,1.7103,0.1538,0.2902,0.0356,0.0843,0.9149,1.71,0.1425,0.285,0.0356,0.0713,0.855,1.71,0.1444,0.3058,0.0356,0.0792,0.002,0.1114,0.0278,0.0139,0.0035,0.0069,0.0557,0.1002,0.0251,0.0125,0.0031,0.0016,0.0063,0.0501,2.0007,4.0014,13.344,0.5004,21.9005,1.0008,2.0016,0.2502,1.3392,0.2232,0.3348,0.7137,0.0642,0.1376
2018-11-09 15:28:41,0.0137,0.1192,0.1179,0.2367,0.4823,0.0294,0.0588,0.1507,0.2533,0.565,0.0308,0.0622,1.1664,0.1496,0.2917,0.583,0.0325,0.0714,1.1659,0.2189,0.2591,0.6017,0.0325,0.0648,0.4235,0.8617,1.656,0.207,13.2,0.495,0.99,0.2097,0.8131,1.368,0.379,0.684,0.2638,1.8037,0.165,0.388,0.66,0.5115,1.023,2.046,0.2559,1.613,0.2016,1.248,0.8849,0.0468,1.4976,0.0975,0.0175,0.0087,0.0044,0.035,0.0494,0.098,0.0245,0.1239,0.0314,0.0067,0.0619,0.8248,1.1726,0.1748,0.2896,0.0324,0.0648,0.825,1.6323,0.1583,0.3392,0.0342,0.0838,0.8162,1.6323,0.1346,0.2721,0.0337,0.068,0.8672,1.6323,0.1562,0.3097,0.035,0.0699,4.32,2.2249,0.27,24.48,1.2087,4.8489,0.1617,0.3617,0.6346,0.0323,0.0656,1.2123,0.1417,0.2913,0.5549,0.0339,0.0693,0.8807,1.7103,0.1565,0.367,0.0358,0.0769,1.6935,1.71,0.1425,0.285,0.0356,0.0713,0.855,6.89,0.1428,0.3383,0.0356,0.0764,0.002,0.1114,0.0278,0.0139,0.0035,0.0069,0.0557,0.1002,0.0266,0.013,0.0031,0.0016,0.0072,0.0501,2.0861,7.9518,13.344,0.5004,22.6747,1.0008,2.0016,0.2502,1.3392,0.2232,0.4926,0.7453,0.0615,0.1447
2018-11-09 16:33:28,0.0137,0.074,0.118,0.2361,0.4785,0.0294,0.0588,0.1512,0.2702,0.556,0.0308,0.0634,1.1659,0.1301,0.3089,0.5876,0.0341,0.071,1.1659,0.13,0.2591,0.5841,0.0324,0.0683,0.4279,0.8602,1.656,0.207,13.2,0.495,0.99,0.2285,0.9015,4.56,0.374,0.684,0.259,1.7808,0.1722,0.4702,0.66,0.5115,1.023,2.046,0.2559,1.6115,0.2188,0.5066,0.9255,0.0468,4.992,0.1065,0.0175,0.0087,0.0118,0.035,0.0497,0.098,0.0245,0.1239,0.0317,0.0067,0.0618,0.6657,1.0606,0.156,0.2805,0.0324,0.0648,0.8251,1.6323,0.1858,0.3467,0.0358,0.0934,1.2446,1.6141,0.136,0.2587,0.0334,0.068,1.0977,1.6461,0.1548,0.2721,0.0364,0.0836,4.32,2.2214,0.2833,7.344,0.9214,4.0797,0.1552,0.3125,0.6249,0.0323,0.0716,1.2882,0.1664,0.3231,0.5963,0.0339,0.0727,0.883,1.7103,0.1534,0.3401,0.0356,0.0844,0.945,1.71,0.1425,0.285,0.0356,0.0713,3.445,6.89,0.1442,0.3218,0.0356,0.0788,0.0021,0.1114,0.0278,0.0139,0.0035,0.0069,0.0557,0.1002,0.0252,0.0128,0.0031,0.0016,0.0073,0.0501,2.0007,7.7596,13.344,0.5004,23.4242,1.0008,2.2855,0.2502,1.3392,0.2232,0.5131,0.7127,0.0608,0.1388
2018-11-10 09:21:16,0.014,0.1087,0.1175,0.2367,0.4783,0.0294,0.0588,0.1313,0.3216,0.5731,0.0308,0.0617,1.1659,0.1467,0.2698,0.5983,0.0324,0.0693,1.1659,0.142,0.3219,0.5833,0.0324,0.0666,0.4293,0.8588,1.656,0.207,13.2,0.495,3.3,0.2812,0.8404,1.368,0.3833,0.684,0.2343,1.32,0.165,0.3934,0.66,0.6191,1.023,2.046,0.2559,1.4976,0.1951,0.4611,0.8831,0.0468,1.4976,0.1051,0.0175,0.0087,0.0122,0.035,0.049,0.098,0.0245,0.1377,0.0314,0.0067,0.0643,0.7472,1.1586,0.1505,0.325,0.0324,0.065,0.8162,1.6323,0.159,0.2721,0.0348,0.0836,1.2777,1.5966,0.136,0.2721,0.0336,0.0679,0.8418,1.6532,0.2264,0.2843,0.034,0.0716,14.4,2.2178,0.2758,7.3645,1.1993,3.7726,0.1762,0.3312,1.2002,0.0323,0.072,1.3242,0.1584,0.3573,0.6805,0.0342,0.0694,0.885,1.7103,0.1446,0.4324,0.0356,0.1228,1.5879,1.71,0.1425,0.285,0.0356,0.0713,0.855,1.7204,0.1441,0.3382,0.0356,0.0796,0.002,0.1114,0.0278,0.0139,0.0035,0.0069,0.0557,0.1002,0.0251,0.0127,0.0031,0.0016,0.0063,0.0501,2.091,7.5131,13.344,0.5004,24.3339,1.0008,2.3149,0.2502,1.3392,0.2232,0.527,0.713,0.0585,0.1543
2018-11-10 17:33:44,0.0138,0.1037,0.1179,0.2364,0.4769,0.0294,0.0588,0.1516,0.2776,0.5592,0.0308,0.0617,1.1659,0.1301,0.2937,0.5987,0.0342,0.0709,1.1659,0.1376,0.3217,0.6028,0.0324,0.0706,0.4327,0.8496,1.656,0.207,13.2,0.495,0.99,0.2279,0.8159,4.56,0.3783,0.684,0.2621,1.32,0.1692,0.4698,0.987,0.6203,1.023,2.046,0.2559,1.4976,0.1946,0.5665,0.9943,0.156,1.4976,0.1034,0.0175,0.0087,0.0125,0.035,0.049,0.98,0.0245,0.124,0.0308,0.0067,0.062,0.6477,1.0616,0.1499,0.3091,0.0398,0.0654,0.8162,1.6323,0.1639,0.378,0.0345,0.074,1.2326,1.6323,0.133,0.2721,0.0328,0.0664,0.8655,1.6665,0.1677,0.3551,0.034,0.0742,4.32,7.2,0.2787,9.2573,1.2044,12.24,0.156,0.3453,0.6346,0.0323,0.0655,1.2201,0.1453,0.5944,0.5989,0.0339,0.0687,0.855,1.7103,0.1557,0.2895,0.0356,0.077,0.855,1.71,0.1425,0.3636,0.0356,0.0713,0.8558,2.9738,0.1425,0.3231,0.0356,0.0761,0.002,0.1114,0.0278,0.0139,0.0035,0.0069,0.0557,0.1002,0.0251,0.0125,0.0031,0.0016,0.0063,0.0501,2.0101,7.2289,13.344,0.5004,26.688,1.0008,2.3031,0.2502,1.3392,0.2232,0.3348,0.6696,0.0646,0.1378
2018-11-10 20:37:56,0.013,0.1245,0.1175,0.2366,0.4826,0.0294,0.0588,0.1514,0.2529,0.5961,0.031,0.0617,1.1659,0.1663,0.3229,0.5877,0.0346,0.0716,1.1659,0.1299,0.2591,0.5847,0.0324,0.0665,0.4358,0.8425,1.656,0.207,13.2,0.495,0.99,0.2099,0.904,1.368,0.384,0.684,0.2503,1.7261,0.168,0.4057,0.9562,0.6199,1.023,2.046,0.2559,1.4976,0.2179,0.4566,0.921,0.0468,1.6009,0.0977,0.0175,0.0087,0.013,0.035,0.49,0.098,0.0245,0.124,0.0308,0.0067,0.0621,0.6477,1.0793,0.1708,0.3268,0.0399,0.0655,0.8253,1.6323,0.1731,0.3716,0.0348,0.0748,1.21,1.6162,0.136,0.2721,0.034,0.0662,1.1012,1.6587,0.1743,0.2765,0.034,0.0834,4.32,2.16,0.4092,7.3948,1.2033,4.8525,0.1616,0.3622,0.6144,0.0323,0.0657,1.2211,0.1481,0.2992,1.1648,0.0339,0.0679,0.855,1.7103,0.1533,0.4267,0.0356,0.0713,1.6901,1.71,0.1425,0.3535,0.0356,0.0713,3.445,1.7172,0.1425,0.3888,0.0356,0.0789,0.002,0.1114,0.0278,0.0139,0.0035,0.0069,0.0557,0.1002,0.0251,0.0125,0.0031,0.0016,0.0063,0.0501,2.0007,4.0014,13.344,0.5004,26.688,1.0008,2.2672,0.2502,1.3392,0.2232,0.5473,0.6696,0.0586,0.1192
2018-11-10 21:50:21,0.014,0.0775,0.1175,0.236,0.4791,0.0294,0.0588,0.1316,0.2709,0.5749,0.0308,0.0636,1.1668,0.1494,0.3097,0.5873,0.0343,0.0694,1.1659,0.2169,0.3212,0.5838,0.0325,0.0708,0.414,0.828,1.656,0.207,13.2,0.495,0.99,0.2393,0.8396,4.56,0.3736,0.684,0.2336,1.32,0.1676,0.471,0.9284,0.62,1.023,2.046,0.2559,1.4976,0.2187,0.5084,0.8857,0.0468,1.6737,0.1067,0.0175,0.0087,0.0044,0.035,0.049,0.098,0.0245,0.138,0.0315,0.0067,0.0646,0.8339,1.0584,0.1747,0.359,0.0401,0.068,0.8162,1.6323,0.1581,0.3409,0.0342,0.0737,1.2371,1.6323,0.1348,0.2701,0.0325,0.068,0.8363,1.6687,0.1569,0.3116,0.0364,0.0739,4.32,2.16,0.4092,9.2385,1.2037,4.115,0.1559,0.3114,0.6273,0.0323,0.0677,1.2093,0.1414,0.3654,0.6453,0.0339,0.0729,0.855,1.7103,0.1445,0.285,0.0358,0.0838,1.6935,1.71,0.1425,0.3528,0.0356,0.0713,0.855,2.8547,0.144,0.3011,0.0356,0.0763,0.002,0.1114,0.0278,0.0139,0.0035,0.0069,0.0557,0.1002,0.0255,0.0125,0.0031,0.0016,0.0063,0.0501,2.0007,4.0014,13.344,0.5004,25.1941,1.0008,2.0016,0.2502,1.3392,0.2232,0.3348,0.71,0.0609,0.1442
2018-11-10 22:55:35,0.0137,0.101,0.1178,0.2367,0.4769,0.0294,0.0588,0.1234,0.2535,0.5577,0.0309,0.0617,1.1668,0.1463,0.2924,0.583,0.0342,0.0717,1.1659,0.1412,0.2591,0.6033,0.0324,0.0685,0.414,0.828,1.656,0.207,13.2,0.495,0.99,0.2809,0.78,1.368,0.3847,0.684,0.259,1.6866,0.165,0.33,0.9035,0.5115,1.023,2.046,0.2559,4.992,0.2014,0.4455,0.9027,0.0468,1.7337,0.1033,0.0175,0.0087,0.0044,0.035,0.049,0.098,0.0245,0.1241,0.0317,0.0067,0.0619,0.6659,1.0613,0.1507,0.359,0.0403,0.0681,0.8162,1.6323,0.1854,0.348,0.0345,0.0931,1.1957,1.561,0.1341,0.2659,0.0328,0.0647,0.8662,1.6658,0.2237,0.3533,0.035,0.0693,4.32,2.16,0.2833,7.4825,1.2045,3.8341,0.1554,0.3107,0.6378,0.0323,0.0655,1.2201,0.1665,0.3579,0.6545,0.0339,0.069,0.855,1.7103,0.1425,0.3428,0.0356,0.1218,1.6901,1.71,0.1425,0.3399,0.0356,0.0713,0.855,2.775,0.1439,0.3216,0.0356,0.0798,0.0021,0.1114,0.0278,0.0139,0.0035,0.0069,0.0557,0.1002,0.0271,0.0125,0.0031,0.0016,0.0074,0.0501,2.0007,4.0014,13.344,0.5004,25.8579,1.0008,2.0016,0.2502,1.3392,0.2232,0.3348,0.7435,0.0649,0.1379
2018-11-11 00:00:22,0.0138,0.1213,0.1175,0.2363,0.477,0.0294,0.0588,0.1518,0.2892,0.5669,0.0308,0.0638,1.1661,0.1303,0.2938,0.5983,0.0347,0.0711,1.1659,0.136,0.2591,0.5843,0.0324,0.0663,0.414,0.828,1.656,0.207,13.2,0.495,3.3,0.2104,0.8176,4.56,0.3827,0.684,0.2489,1.6398,0.165,0.33,0.66,0.5115,1.023,2.046,0.2559,1.6134,0.1946,0.5657,0.8934,0.0468,1.7787,0.1052,0.0175,0.0087,0.0044,0.035,0.049,0.98,0.0245,0.1237,0.0318,0.0067,0.062,0.7469,1.1762,0.1564,0.2805,0.0324,0.0648,0.8253,1.6323,0.1589,0.371,0.0358,0.0737,0.8162,1.5948,0.1298,0.2667,0.034,0.0666,1.1019,1.663,0.1742,0.2836,0.0342,0.0698,14.4,7.2,0.2758,9.1978,1.201,4.8397,0.1761,0.3607,1.1822,0.0323,0.072,1.2123,0.1586,0.2911,0.555,0.0339,0.0731,0.8894,1.7103,0.1478,0.3635,0.0356,0.0772,0.945,1.71,0.1425,0.285,0.0356,0.0713,3.445,1.71,0.1442,0.3882,0.0356,0.0735,0.002,0.1114,0.0278,0.0139,0.0035,0.0069,0.0557,0.1002,0.0271,0.0127,0.0031,0.0016,0.0073,0.0501,2.0861,4.0014,13.344,0.5004,26.688,1.0031,2.3532,0.2502,1.3392,0.2232,0.3348,0.7112,0.0587,0.1545
2018-11-11 01:05:10,0.0138,0.1118,0.1176,0.2365,0.4828,0.0294,0.0588,0.152,0.32,0.5609,0.0308,0.0622,1.1662,0.1492,0.2708,0.5878,0.0343,0.0696,1.1659,0.1297,0.2591,0.5857,0.0324,0.0709,0.414,0.828,1.656,0.207,13.2,0.495,0.99,0.2281,0.899,1.368,0.378,0.684,0.2333,1.6189,0.1653,0.4111,0.66,0.5115,1.023,2.046,0.2559,1.6159,0.2009,0.462,0.9896,0.0468,1.4976,0.0976,0.0175,0.0087,0.0131,0.035,0.49,0.098,0.0245,0.1238,0.0308,0.0067,0.0646,0.841,1.0607,0.1326,0.3091,0.0324,0.0648,0.8162,1.6323,0.1634,0.3774,0.0348,0.0748,1.1633,1.5601,0.1334,0.2515,0.0332,0.0668,0.8358,1.6621,0.158,0.2764,0.0365,0.0714,4.32,7.2,0.2787,24.48,1.1987,4.1495,0.1617,0.3507,0.6166,0.0323,0.0677,1.2093,0.1469,0.3207,1.1648,0.0339,0.0686,0.8925,1.7103,0.1561,0.289,0.0356,0.0827,1.5879,1.71,0.1425,0.285,0.0356,0.0713,0.857,6.89,0.1428,0.3361,0.0356,0.079,0.002,0.1114,0.0278,0.0139,0.0035,0.0069,0.0557,0.1002,0.0255,0.0126,0.0031,0.0016,0.0063,0.0501,2.091,4.0014,13.344,0.5004,26.688,1.0058,2.3473,0.2502,1.3392,0.2232,0.5701,0.7101,0.061,0.1187
2018-11-11 09:34:07,0.0141,0.0975,0.1176,0.2359,0.4793,0.0294,0.0588,0.1234,0.2894,0.5729,0.0308,0.064,1.1661,0.1655,0.295,0.5877,0.0344,0.0718,1.1659,0.2165,0.3205,0.583,0.0324,0.0648,0.414,0.828,1.656,0.207,13.2,0.495,0.99,0.2408,0.8383,4.56,0.3731,0.684,0.2539,1.32,0.165,0.473,0.8784,0.5115,1.023,2.046,0.2559,1.6144,0.1945,0.4581,0.9202,0.156,4.992,0.0978,0.0175,0.0087,0.013,0.035,0.049,0.098,0.0245,0.1239,0.0308,0.0067,0.0648,0.6477,1.0816,0.1497,0.325,0.0324,0.0653,0.8254,1.6323,0.1728,0.3428,0.0359,0.0836,1.198,1.6159,0.1351,0.265,0.0317,0.0645,0.8703,1.6651,0.1676,0.3113,0.0343,0.0734,4.32,2.16,0.2801,7.5815,1.2018,3.8759,0.1558,0.3295,0.6276,0.0323,0.0721,1.2211,0.1663,0.6013,0.6545,0.0339,0.0732,0.8927,1.7103,0.1532,0.3635,0.0356,0.0713,1.6513,1.6814,0.1425,0.285,0.0356,0.0713,0.8559,6.89,0.1427,0.2986,0.0356,0.0737,0.002,0.1114,0.0278,0.0139,0.0035,0.0069,0.0557,0.1002,0.0275,0.0125,0.0031,0.0016,0.0063,0.0501,2.0101,7.0542,13.344,0.5004,26.688,1.0055,2.2768,0.2502,1.3392,0.2232,0.5856,0.7429,0.0653,0.1381
2018-11-11 19:54:56,0.0135,0.0797,0.1175,0.2366,0.4766,0.0294,0.0588,0.1234,0.2788,0.5585,0.0308,0.0617,1.1659,0.1302,0.3221,0.5978,0.0325,0.0648,1.1659,0.1353,0.3198,0.583,0.0325,0.0662,0.4339,0.8357,1.656,0.207,13.2,0.495,0.99,0.2819,0.8185,1.368,0.3852,0.684,0.2463,1.32,0.165,0.4682,0.66,0.6204,1.023,2.046,0.2559,1.5954,0.2156,0.5063,0.904,0.0468,1.4976,0.1068,0.0175,0.0087,0.0128,0.035,0.0491,0.098,0.0245,0.1381,0.0315,0.0067,0.062,0.7482,1.0605,0.1744,0.3268,0.0324,0.065,0.8162,1.6323,0.1591,0.3705,0.0348,0.074,1.159,1.6076,0.1324,0.268,0.0318,0.0665,1.1054,1.6323,0.2207,0.3519,0.034,0.0829,4.32,7.2,0.2764,9.2574,1.2076,4.1735,0.1618,0.3295,0.6167,0.0323,0.0657,1.3242,0.1411,0.3653,0.6453,0.0339,0.0685,0.8946,1.7103,0.1448,0.3428,0.0358,0.1205,1.6442,1.71,0.1425,0.285,0.0356,0.0713,0.855,1.71,0.144,0.3234,0.0356,0.0802,0.0021,0.1114,0.0278,0.0139,0.0035,0.0069,0.0557,0.1002,0.0251,0.0125,0.0031,0.0016,0.0063,0.0501,2.0929,6.8301,13.344,0.5004,26.688,1.0008,2.0016,0.2502,1.3392,0.2232,0.3348,0.7084,0.0612,0.1443
2018-11-11 20:59:44,0.0141,0.1156,0.1175,0.2368,0.4776,0.0294,0.0588,0.1319,0.2532,0.598,0.0308,0.0617,1.1659,0.1465,0.3111,0.5882,0.0324,0.0713,1.1659,0.1305,0.3202,0.583,0.0324,0.071,0.4323,0.8318,1.656,0.207,13.2,0.495,0.99,0.2421,0.8373,4.56,0.3725,0.684,0.2336,1.5692,0.165,0.3947,0.8784,0.6222,1.023,2.046,0.2559,1.4976,0.2206,0.4629,0.9866,0.0468,1.4976,0.1053,0.0175,0.0087,0.0044,0.035,0.049,0.98,0.0245,0.124,0.0319,0.0067,0.0621,0.6672,1.0603,0.1722,0.2896,0.0324,0.068,0.8162,1.6323,0.1849,0.3502,0.0342,0.0931,1.1315,1.5167,0.1297,0.2581,0.0314,0.0642,0.835,1.6323,0.1556,0.2837,0.0351,0.0726,4.32,2.16,0.4046,7.344,1.1947,4.8285,0.1756,0.3507,0.6325,0.0323,0.0723,1.2882,0.1574,0.2908,0.6805,0.0342,0.0693,0.855,1.7103,0.148,0.289,0.0359,0.0769,0.9737,1.71,0.1425,0.3309,0.0356,0.0701,3.445,2.8811,0.1425,0.3252,0.0356,0.0765,0.002,0.1114,0.0278,0.0139,0.0035,0.0069,0.0557,0.1002,0.0251,0.0125,0.0031,0.0016,0.0063,0.0501,2.1072,6.5718,13.344,0.5004,26.688,1.0008,2.0016,0.2502,1.3392,0.2232,0.606,0.7399,0.0588,0.1386
2018-11-11 22:26:35,0.0142,0.0821,0.1175,0.2364,0.4769,0.0294,0.0588,0.1523,0.2536,0.5769,0.0309,0.0617,1.1659,0.1496,0.2956,0.5878,0.0345,0.0711,1.1659,0.2176,0.2591,0.5835,0.0324,0.0648,0.4247,0.8305,1.656,0.207,13.2,0.495,3.3,0.2107,0.8968,1.368,0.3832,0.684,0.225,1.5607,0.165,0.3834,0.844,0.6216,1.023,2.046,0.2559,1.4976,0.624,0.5672,0.9022,0.0468,1.8449,0.098,0.0175,0.0087,0.0044,0.035,0.049,0.098,0.0245,0.124,0.0308,0.0067,0.0651,0.8418,1.1798,0.1568,0.3593,0.0402,0.0655,0.8162,1.6323,0.1587,0.3412,0.036,0.0741,1.1615,1.534,0.1304,0.2581,0.0327,0.0623,0.8162,1.6323,0.1556,0.2767,0.0366,0.0833,14.4,2.2178,0.2789,9.3726,1.1946,3.941,0.1561,0.3607,1.1848,0.0323,0.0679,1.2257,0.1451,0.3569,0.555,0.0339,0.0733,0.855,1.7103,0.1565,0.4267,0.0356,0.0816,1.5341,1.71,0.1425,0.3214,0.0356,0.0713,0.855,2.9958,0.1425,0.3334,0.0356,0.0713,0.002,0.1114,0.0278,0.0139,0.0035,0.0069,0.0557,0.1002,0.0281,0.0125,0.0031,0.0016,0.0074,0.0511,2.0193,6.485,13.344,0.5004,26.688,1.0008,2.1875,0.2502,1.3392,0.2232,0.3348,0.711,0.0558,0.1193
2018-11-11 23:31:23,0.0137,0.0943,0.1176,0.2361,0.4778,0.0294,0.0588,0.1522,0.2713,0.5673,0.0308,0.0638,1.1659,0.1661,0.2721,0.583,0.0348,0.0695,1.1659,0.1355,0.2591,0.6055,0.0324,0.0687,0.4187,0.828,1.656,0.207,13.2,0.495,0.99,0.283,0.8193,4.56,0.379,0.684,0.2364,1.32,0.165,0.455,0.66,0.6228,1.023,2.046,0.2559,1.4976,0.1946,0.4458,0.9063,0.0468,1.4976,0.103,0.0175,0.0087,0.0044,0.035,0.049,0.098,0.0245,0.1368,0.0308,0.0067,0.0619,0.6683,1.1575,0.1498,0.3089,0.0402,0.0679,0.8258,1.6323,0.1628,0.3696,0.0349,0.0749,1.1205,1.584,0.1331,0.2419,0.0323,0.0651,0.8162,1.6594,0.1676,0.3131,0.034,0.0706,4.32,2.2189,0.2836,7.6585,1.2114,4.2834,0.1567,0.3107,1.1748,0.0323,0.0725,1.3277,0.147,0.318,0.5989,0.0339,0.0694,0.855,1.7103,0.1523,0.285,0.0356,0.1183,1.6405,1.71,0.1425,0.309,0.0356,0.0713,0.855,1.71,0.1438,0.3873,0.0356,0.0791,0.002,0.1114,0.0278,0.0139,0.0035,0.0069,0.0557,0.1002,0.0278,0.0126,0.0031,0.0016,0.0073,0.0501,2.0962,4.0014,13.344,0.5004,26.688,1.0069,2.1875,0.2502,1.3392,0.2232,0.3348,0.7112,0.0658,0.1444
2018-11-12 00:36:11,0.014,0.1167,0.1177,0.2363,0.4794,0.0294,0.0588,0.132,0.318,0.5735,0.0308,0.0617,1.1659,0.1475,0.2982,0.5884,0.0346,0.0711,1.1659,0.1409,0.2591,0.6069,0.0324,0.066,0.414,0.828,1.656,0.207,13.2,0.495,0.99,0.2285,0.8358,1.368,0.3869,0.684,0.2496,1.4907,0.165,0.3737,0.66,0.5115,1.023,2.046,0.2559,1.4976,0.624,0.4598,0.9212,0.0468,4.992,0.0974,0.0175,0.0087,0.0123,0.035,0.49,0.098,0.0245,0.1237,0.032,0.0067,0.0654,0.8413,1.0813,0.1726,0.2897,0.0403,0.0677,0.8259,1.6323,0.1726,0.3493,0.0345,0.0738,1.1284,1.5136,0.129,0.2581,0.0306,0.0661,1.1158,1.668,0.1742,0.2838,0.0366,0.0694,4.32,2.163,0.2804,9.4659,1.1858,3.9917,0.176,0.3294,0.6302,0.0323,0.0727,1.215,0.1664,0.3654,0.6434,0.0339,0.0684,0.855,1.7103,0.145,0.3606,0.0356,0.0765,1.6065,1.71,0.1425,0.285,0.0356,0.0713,3.445,6.89,0.1436,0.2987,0.0356,0.0738,0.002,0.1114,0.0278,0.0139,0.0035,0.0069,0.0557,0.1002,0.0251,0.0125,0.0031,0.0016,0.0063,0.0524,2.1278,4.0014,13.344,0.5004,26.688,1.0034,2.1339,0.2502,1.3392,0.2232,0.3348,0.737,0.0615,0.1526
2018-11-12 08:40:59,0.013,0.1208,0.1176,0.2366,0.4831,0.0294,0.0588,0.1524,0.2788,0.5621,0.0308,0.0639,1.166,0.1303,0.3227,0.5969,0.0344,0.0718,1.1659,0.1306,0.2591,0.6074,0.0324,0.0711,0.414,0.828,1.656,0.207,13.2,0.495,0.99,0.2107,0.8949,4.56,0.379,0.684,0.2339,1.452,0.165,0.4392,0.66,0.5115,1.023,2.046,0.2559,4.992,0.1945,0.447,0.9819,0.156,1.4976,0.1052,0.0175,0.0087,0.012,0.035,0.0491,0.98,0.0245,0.1241,0.0321,0.0067,0.0621,0.7477,1.0623,0.1745,0.2802,0.0324,0.0654,0.8162,1.6323,0.1583,0.3386,0.0342,0.0752,0.8162,1.5484,0.1254,0.2531,0.0305,0.0617,0.8697,1.6585,0.158,0.3529,0.0351,0.0838,4.32,2.16,0.2838,7.6507,0.9214,4.886,0.1566,0.3597,0.6171,0.0323,0.0655,1.2097,0.1412,0.5921,1.1792,0.0339,0.0679,0.9018,1.7103,0.1488,0.4266,0.0356,0.0812,1.0166,1.71,0.1425,0.285,0.0356,0.0713,0.855,6.89,0.1441,0.3222,0.0356,0.0803,0.0021,0.1114,0.0278,0.0139,0.0035,0.0069,0.0557,0.1002,0.0256,0.0125,0.0031,0.0016,0.0063,0.0548,2.0342,4.0014,13.344,0.5004,26.688,1.004,2.0699,0.2502,1.3392,0.2232,0.6334,0.709,0.0613,0.1361
2018-11-12 09:45:47,0.0138,0.0846,0.1175,0.2363,0.4776,0.0294,0.0588,0.1526,0.2713,0.5594,0.0308,0.0641,1.1659,0.1304,0.3123,0.5879,0.0349,0.0695,1.1659,0.1296,0.3197,0.6073,0.0324,0.0688,0.414,0.828,1.656,0.207,13.2,0.495,0.99,0.2285,0.8205,1.368,0.3832,0.684,0.2275,1.32,0.165,0.33,0.8214,0.5115,1.023,2.046,0.2559,1.5391,0.2206,0.4645,0.91,0.0468,1.4976,0.1069,0.0175,0.0087,0.0118,0.035,0.0497,0.098,0.0245,0.1241,0.0316,0.0067,0.0622,0.6712,1.0626,0.1577,0.3265,0.0404,0.0648,0.8261,1.6323,0.163,0.3779,0.0349,0.0745,1.1246,1.4943,0.1249,0.252,0.0298,0.0621,0.8355,1.6699,0.2207,0.2721,0.034,0.0725,4.32,2.2217,0.4056,9.5543,1.1961,12.24,0.157,0.3621,0.629,0.0323,0.0656,1.2193,0.1394,0.2923,0.6547,0.0339,0.0734,0.8811,1.7103,0.1568,0.3442,0.0359,0.1175,1.4918,1.71,0.1425,0.285,0.0356,0.0713,3.445,1.71,0.1427,0.3265,0.0356,0.0766,0.002,0.1114,0.0278,0.0139,0.0035,0.0069,0.0557,0.1002,0.0275,0.0125,0.0031,0.0016,0.0063,0.0501,2.0967,6.4304,13.344,0.5004,26.688,1.0043,2.0016,0.2502,1.3392,0.2232,0.6506,0.7089,0.059,0.1361
2018-11-12 12:12:44,0.0138,0.1132,0.1175,0.2364,0.4777,0.0294,0.0588,0.1523,0.2532,0.5983,0.0308,0.0622,1.1659,0.1498,0.2734,0.5962,0.0345,0.0713,1.1659,0.2164,0.3196,0.583,0.0324,0.0659,0.414,0.828,1.656,0.207,13.2,0.495,3.3,0.283,0.8348,4.56,0.3725,0.684,0.2474,1.32,0.165,0.33,0.7986,0.5115,1.023,2.046,0.2559,1.4976,0.2156,0.5644,0.8854,0.0468,1.8449,0.312,0.0175,0.0087,0.0044,0.035,0.0508,0.098,0.0245,0.1369,0.0322,0.0067,0.0658,0.6477,1.1542,0.1508,0.3279,0.0324,0.0655,0.8162,1.6323,0.1837,0.2721,0.036,0.0928,1.0882,1.5332,0.129,0.2504,0.0315,0.0631,0.874,1.6558,0.1567,0.3145,0.034,0.0701,14.4,2.1637,0.2792,7.7039,1.2103,4.0234,0.1774,0.3097,0.6181,0.0323,0.068,1.2833,0.1566,0.3563,0.5553,0.0342,0.069,0.8768,1.7103,0.1521,0.3573,0.0358,0.0713,1.5952,1.71,0.1425,0.285,0.0356,0.0713,0.855,3.0263,0.1435,0.3877,0.0356,0.0739,0.002,0.1114,0.0278,0.0139,0.0035,0.0069,0.0557,0.1002,0.0273,0.0125,0.0031,0.0016,0.0063,0.0501,2.0288,4.0014,13.344,0.5004,26.688,1.0008,2.0016,0.2502,1.3392,0.2232,0.6734,0.7324,0.0662,0.1193
2018-11-12 16:40:51,0.014,0.0918,0.1175,0.2368,0.4791,0.0294,0.0588,0.1235,0.2894,0.5751,0.0309,0.0643,1.1659,0.1665,0.2991,0.5888,0.035,0.0648,1.1659,0.1357,0.3198,0.583,0.0324,0.0712,0.414,0.828,1.656,0.207,13.2,0.495,0.99,0.2421,0.894,1.368,0.3869,0.684,0.2342,1.4266,0.165,0.4308,0.7673,0.6216,1.023,2.046,0.2559,1.4976,0.2009,0.5044,2.496,0.0468,1.907,0.0974,0.0175,0.0087,0.0044,0.035,0.0507,0.098,0.0245,0.1238,0.0308,0.0067,0.0661,0.6477,1.0605,0.1499,0.3612,0.0324,0.0648,0.8162,1.6323,0.1592,0.3687,0.0361,0.0925,1.0915,1.5337,0.1243,0.2359,0.0304,0.0639,1.1164,1.6706,0.1671,0.285,0.0367,0.0719,4.32,2.1617,0.2769,9.5984,0.9321,4.2665,0.1619,0.3296,1.1758,0.0323,0.0656,1.23,0.145,0.3166,0.6804,0.0341,0.0736,0.8745,1.7103,0.1452,0.3478,0.0356,0.0769,0.855,1.71,0.1425,0.3002,0.0356,0.0713,0.855,3.0142,0.1443,0.3328,0.0356,0.0792,0.002,0.1114,0.0278,0.0139,0.0035,0.0069,0.0557,0.1002,0.0251,0.0127,0.0031,0.0016,0.0074,0.0501,2.0007,4.0014,13.344,0.5004,26.688,1.0008,2.071,0.2502,1.3392,0.2232,0.3348,0.705,0.0614,0.1526
2018-11-12 18:14:32,0.0142,0.1242,0.1178,0.2364,0.4779,0.0294,0.0588,0.1323,0.2536,0.5755,0.0308,0.0617,1.1659,0.1304,0.3008,0.583,0.0325,0.0719,1.1659,0.1403,0.3203,0.583,0.0324,0.0658,0.4198,0.828,1.656,0.207,13.2,0.495,0.99,0.2112,0.8213,4.56,0.3835,0.684,0.2263,1.3825,0.165,0.363,0.66,0.6228,1.023,2.046,0.2559,1.4976,0.1953,0.4601,0.9058,0.0468,1.9764,0.098,0.0175,0.0087,0.0044,0.035,0.049,0.98,0.0245,0.1373,0.0308,0.0067,0.0622,0.8351,1.08,0.1734,0.3099,0.0324,0.0653,0.8162,1.6323,0.1593,0.3365,0.0348,0.0755,0.8162,1.4674,0.1223,0.2581,0.0302,0.0605,0.8365,1.65,0.1584,0.2766,0.0352,0.0699,4.32,2.2237,0.27,24.48,1.1892,4.9848,0.1581,0.3774,0.6306,0.0323,0.0727,1.332,0.1469,0.5963,0.6015,0.0339,0.0683,0.855,1.7103,0.1494,0.2887,0.0356,0.0816,1.5662,1.71,0.1425,0.2922,0.0356,0.0713,3.445,2.8939,0.1428,0.2976,0.0356,0.0806,0.002,0.1114,0.0278,0.0139,0.0035,0.0069,0.0557,0.1002,0.0251,0.0125,0.0031,0.0016,0.0076,0.0544,2.0007,6.4304,13.344,0.5004,26.688,1.0069,2.0966,0.2502,1.3392,0.2232,0.3348,0.7061,0.0614,0.1444
2018-11-12 19:34:29,0.0141,0.1103,0.1177,0.2366,0.4781,0.0294,0.0588,0.1235,0.318,0.5625,0.0308,0.0617,1.1659,0.148,0.3242,0.588,0.0324,0.0694,1.1659,0.1295,0.2591,0.583,0.0324,0.069,0.4202,0.828,1.656,0.207,13.2,0.495,0.99,0.243,0.78,1.368,0.3797,0.684,0.2465,1.32,0.165,0.4256,0.7467,0.6237,1.023,2.046,0.2559,1.4976,0.1947,0.4478,0.9228,0.0468,2.0499,0.1069,0.0175,0.0087,0.0117,0.035,0.049,0.098,0.0245,0.1239,0.0323,0.0067,0.0623,0.7483,1.185,0.1582,0.2899,0.0324,0.065,0.8266,1.6323,0.172,0.3492,0.0345,0.0747,1.0897,1.4693,0.1209,0.2424,0.0313,0.0606,0.8788,1.6323,0.174,0.3168,0.0368,0.0697,4.32,7.2,0.2806,7.344,1.2002,3.9911,0.1573,0.3101,0.6322,0.0323,0.0658,1.215,0.141,0.2991,1.1788,0.0339,0.0691,0.855,1.7103,0.156,0.3561,0.0356,0.1165,1.05,1.71,0.1425,0.2865,0.0356,0.0713,0.856,1.71,0.1433,0.3193,0.0356,0.077,0.0021,0.1114,0.0278,0.0139,0.0035,0.0069,0.0557,0.1002,0.0255,0.0125,0.0031,0.0016,0.0063,0.0535,2.1004,4.0014,13.344,0.5004,26.688,1.0015,2.1114,0.2502,1.3392,0.2232,0.3348,0.6696,0.0591,0.1386
2018-11-12 20:39:16,0.0143,0.0899,0.1175,0.2365,0.4784,0.0294,0.0588,0.1531,0.2718,0.5616,0.0308,0.0617,1.1664,0.1503,0.2744,0.5947,0.0351,0.0721,1.1659,0.2145,0.3207,0.6096,0.0324,0.0714,0.4172,0.828,1.656,0.207,13.2,0.495,0.99,0.2291,0.8329,4.56,0.3708,0.684,0.2349,1.32,0.165,0.3588,0.66,0.6249,1.023,2.046,0.2559,1.4976,0.221,0.5625,0.9148,0.156,1.4976,0.1052,0.0175,0.0087,0.0118,0.035,0.49,0.098,0.0245,0.1237,0.0324,0.0067,0.062,0.6731,1.0629,0.1746,0.2808,0.0406,0.0655,0.8274,1.6323,0.1596,0.377,0.036,0.0839,1.0575,1.5033,0.1269,0.2287,0.0289,0.0607,1.1101,1.6323,0.2175,0.2856,0.0353,0.0834,4.32,2.1639,0.2789,7.6919,1.208,4.357,0.1775,0.3587,1.1758,0.0323,0.0655,1.2109,0.1662,0.3651,0.6518,0.0339,0.074,0.855,1.7103,0.149,0.3485,0.0356,0.0772,1.4474,1.71,0.1425,0.285,0.0356,0.0713,3.445,6.89,0.1444,0.3273,0.0356,0.0742,0.002,0.1114,0.0278,0.0139,0.0035,0.0069,0.0557,0.1002,0.0274,0.0125,0.0031,0.0016,0.0063,0.0501,2.0007,4.0014,13.344,0.5004,26.688,1.0008,2.0799,0.2502,1.3392,0.2232,0.6979,0.7064,0.0616,0.1194
2018-11-12 21:44:04,0.014,0.0885,0.1175,0.2369,0.4844,0.0294,0.0588,0.1326,0.2814,0.5676,0.0308,0.0644,1.1671,0.1666,0.3135,0.5831,0.0346,0.0714,1.1659,0.1398,0.2591,0.61,0.0324,0.0648,0.414,0.828,1.656,0.207,13.2,0.495,3.3,0.2839,0.8916,1.368,0.388,0.684,0.2453,1.32,0.165,0.4136,0.66,0.5115,1.023,2.046,0.2559,4.992,0.2003,0.4669,0.9818,0.0468,4.992,0.0976,0.0175,0.0087,0.0116,0.035,0.0503,0.098,0.0245,0.1374,0.0316,0.0067,0.0664,0.839,1.0604,0.1509,0.3278,0.0404,0.0653,0.8278,1.6323,0.1828,0.3377,0.0342,0.0757,1.0637,1.4514,0.1284,0.2543,0.0303,0.0602,0.8363,1.6323,0.1677,0.3542,0.0369,0.0695,14.4,2.16,0.4086,9.7137,0.9798,3.9773,0.1624,0.3315,0.6322,0.0323,0.0728,1.2213,0.1663,0.2911,0.6473,0.0339,0.0693,0.855,1.7103,0.1425,0.2886,0.0358,0.0818,1.5364,1.71,0.1425,0.285,0.0356,0.0713,0.855,6.89,0.1425,0.3886,0.0356,0.0808,0.002,0.1114,0.0278,0.0139,0.0035,0.0069,0.0557,0.1002,0.0251,0.0125,0.0031,0.0016,0.0063,0.0532,2.1496,4.0014,13.344,0.5004,26.688,1.0008,2.0016,0.2502,1.3392,0.2232,0.3348,0.7312,0.0666,0.1521
2018-11-12 23:00:52,0.014,0.1275,0.1175,0.2361,0.4782,0.0294,0.0588,0.1234,0.2537,0.5983,0.0309,0.0646,1.1659,0.1305,0.2993,0.5881,0.035,0.0696,1.1659,0.2123,0.2591,0.6078,0.0324,0.0648,0.414,0.828,1.656,0.207,13.2,0.495,0.99,0.2118,0.8194,4.56,0.3822,0.684,0.225,1.32,0.165,0.3486,0.726,0.5115,1.023,2.046,0.2559,1.4976,0.1951,0.4608,0.8832,0.0468,1.4976,0.0981,0.0175,0.0087,0.0044,0.035,0.049,0.98,0.0245,0.1238,0.0326,0.0067,0.0623,0.6477,1.1548,0.1738,0.3093,0.0401,0.0648,0.8162,1.6323,0.1631,0.3506,0.0361,0.0749,0.8459,1.4227,0.1219,0.2455,0.0293,0.0621,1.1052,1.6713,0.1572,0.277,0.0343,0.0715,4.32,2.1731,0.2836,9.7634,0.9557,5.0881,0.1574,0.3121,0.6306,0.0323,0.0657,1.2783,0.147,0.3556,0.5551,0.0339,0.0743,0.8726,1.7103,0.1451,0.4189,0.0357,0.1185,1.5012,1.71,0.1425,0.285,0.0356,0.0713,0.855,1.71,0.1425,0.3323,0.0356,0.0793,0.002,0.1114,0.0278,0.0139,0.0035,0.0069,0.0557,0.1002,0.0273,0.0125,0.0031,0.0016,0.0063,0.0501,2.0213,4.0014,13.344,0.5004,26.688,1.0008,2.0016,0.2502,1.3392,0.2232,0.7184,0.6696,0.0616,0.1445
2018-11-13 10:48:33,0.0138,0.1061,0.1175,0.2366,0.4777,0.0294,0.0588,0.1236,0.29,0.5676,0.0308,0.0617,1.1659,0.1506,0.3017,0.5834,0.0346,0.0713,1.1659,0.1307,0.2591,0.6053,0.0324,0.0656,0.414,0.828,1.656,0.207,13.2,0.495,0.99,0.2441,0.829,1.368,0.3711,0.684,0.2357,1.32,0.165,0.3993,0.6976,0.5115,1.023,2.046,0.2559,1.4976,0.2154,0.5021,0.9235,0.0468,1.4976,0.312,0.0175,0.0087,0.0044,0.035,0.0496,0.098,0.0245,0.1371,0.0327,0.0067,0.0621,0.7512,1.0601,0.1498,0.3303,0.0324,0.065,0.8286,1.6323,0.16,0.3677,0.0349,0.084,0.8381,1.469,0.118,0.2421,0.0289,0.0587,0.8828,1.649,0.2177,0.3172,0.0355,0.0698,4.32,7.2,0.2771,7.3512,1.1801,4.4224,0.1591,0.3873,0.6181,0.0323,0.0654,1.2286,0.1411,0.3168,0.6007,0.0341,0.0694,0.8723,1.7103,0.1522,0.3543,0.0356,0.1211,1.0775,1.71,0.1425,0.285,0.0356,0.0713,0.855,2.8164,0.143,0.2962,0.0356,0.0812,0.002,0.1114,0.0278,0.0139,0.0035,0.0069,0.0557,0.1002,0.0272,0.0125,0.0031,0.0016,0.0077,0.0501,2.1496,4.0014,13.344,0.5004,26.688,1.0008,2.0291,0.2502,1.3392,0.2232,0.7482,0.7061,0.0592,0.1339
2018-11-13 11:53:23,0.0139,0.0911,0.1176,0.2364,0.4786,0.0294,0.0588,0.1534,0.254,0.5751,0.0308,0.0647,1.1659,0.1478,0.3243,0.5937,0.0347,0.0697,1.1659,0.1396,0.2593,0.583,0.0324,0.0692,0.414,0.828,1.656,0.207,13.2,0.495,0.99,0.2844,0.8878,4.56,0.3807,0.684,0.2425,1.32,0.165,0.3397,0.6788,0.5115,1.023,2.046,0.2559,1.4976,0.1951,0.4491,0.9755,0.0468,2.1177,0.1071,0.0175,0.0087,0.0044,0.035,0.049,0.098,0.0245,0.1238,0.0308,0.0067,0.0667,0.6753,1.1867,0.1584,0.3736,0.0404,0.0649,0.8286,1.6323,0.1708,0.3774,0.0342,0.092,1.0559,1.443,0.1212,0.2409,0.0303,0.0583,0.8362,1.6323,0.1746,0.2853,0.037,0.0836,4.32,7.2,0.28,7.6933,1.196,3.9723,0.1778,0.3591,1.201,0.0323,0.0655,1.3393,0.1449,0.6063,0.6799,0.0339,0.0692,0.8722,1.7103,0.1538,0.351,0.0356,0.0713,1.3946,1.71,0.1425,0.285,0.0356,0.0713,3.445,2.7402,0.143,0.3182,0.0356,0.0794,0.0021,0.1114,0.0278,0.0139,0.0035,0.0069,0.0557,0.1002,0.0256,0.0125,0.0031,0.0016,0.0079,0.0502,2.1004,6.2444,13.344,0.5004,26.688,1.0008,2.0279,0.2502,1.3392,0.2232,0.3348,0.7312,0.0617,0.1338
2018-11-13 12:58:10,0.0137,0.0857,0.1176,0.2366,0.4838,0.0294,0.0588,0.1526,0.2725,0.5755,0.0308,0.0622,1.1659,0.1669,0.2761,0.589,0.0345,0.072,1.1659,0.2136,0.3211,0.583,0.0324,0.0716,0.414,0.828,1.656,0.207,13.2,0.495,0.99,0.2296,0.8233,1.368,0.3895,0.684,0.225,1.32,0.165,0.3917,0.66,0.6241,1.023,2.046,0.2559,1.4976,0.2223,0.567,0.91,0.0468,2.1189,0.1054,0.0175,0.0087,0.0115,0.035,0.049,0.098,0.0245,0.1237,0.0308,0.0067,0.0624,0.8384,1.0798,0.151,0.2808,0.0325,0.0652,0.8162,1.6323,0.182,0.3365,0.0341,0.0845,1.0286,1.4141,0.1226,0.2455,0.0285,0.0592,0.8162,1.6486,0.1592,0.2774,0.0369,0.0841,4.32,2.16,0.2788,9.6839,1.1983,4.4471,0.1628,0.314,0.6313,0.0323,0.0658,1.2169,0.1558,0.2982,1.1884,0.0339,0.069,0.855,1.7103,0.1522,0.285,0.0356,0.0775,1.4948,1.71,0.1425,0.285,0.0356,0.0713,3.3886,2.6308,0.1447,0.3308,0.0356,0.0713,0.002,0.1114,0.0278,0.0139,0.0035,0.0069,0.0557,0.1002,0.0251,0.0125,0.0031,0.0016,0.0063,0.0545,2.0213,5.9743,13.344,0.5004,26.688,1.0008,2.0388,0.2502,1.3392,0.2232,0.7719,0.6696,0.0671,0.1189
2018-11-13 14:02:58,0.0141,0.134,0.1175,0.2365,0.478,0.0294,0.0588,0.1236,0.3188,0.5625,0.0308,0.0649,1.1685,0.1305,0.3003,0.5836,0.0324,0.0715,1.1659,0.1398,0.3214,0.608,0.0324,0.0655,0.414,0.828,1.656,0.207,13.2,0.495,3.3,0.2842,0.8299,4.56,0.3704,0.684,0.2368,1.32,0.165,0.33,0.66,0.6235,1.023,2.046,0.2559,1.4976,0.1952,0.4691,0.9198,0.156,2.1787,0.0977,0.0175,0.0087,0.0113,0.035,0.49,0.98,0.0245,0.1242,0.0316,0.0067,0.0624,0.7542,1.0636,0.175,0.3278,0.0324,0.0675,0.8162,1.6323,0.1604,0.3673,0.0349,0.0737,0.854,1.4614,0.1228,0.2346,0.0293,0.0592,0.8162,1.6558,0.1682,0.3555,0.0358,0.0696,14.4,7.2,0.2839,7.383,1.1881,5.0794,0.1593,0.3595,0.6332,0.0323,0.068,1.2182,0.166,0.3635,0.6485,0.0339,0.0679,0.855,1.7103,0.1451,0.2888,0.0356,0.0817,1.4956,1.71,0.1425,0.285,0.0356,0.0713,3.2813,2.5603,0.1429,0.3307,0.0356,0.0773,0.002,0.1114,0.0278,0.0139,0.0035,0.0069,0.0557,0.1002,0.0251,0.0125,0.0031,0.0016,0.0063,0.0501,2.1774,5.8955,13.344,0.5004,26.688,1.0008,2.0234,0.2502,1.3392,0.2232,0.3348,0.6696,0.0558,0.1443
2018-11-13 15:07:45,0.0141,0.0881,0.1175,0.2365,0.4825,0.0294,0.0588,0.1331,0.2835,0.5616,0.0308,0.0617,1.1692,0.1514,0.3141,0.583,0.0351,0.0714,1.1659,0.1359,0.2594,0.583,0.0324,0.0694,0.4147,0.828,1.656,0.207,13.2,0.495,0.99,0.2453,0.8834,1.368,0.3813,0.684,0.2323,1.32,0.165,0.33,0.66,0.6239,1.023,2.046,0.2559,4.992,0.2156,1.248,0.8823,0.0468,2.2568,0.0982,0.0175,0.0087,0.011,0.035,0.0491,0.098,0.0245,0.1373,0.0328,0.0067,0.0672,0.6776,1.0593,0.1326,0.3303,0.0324,0.0648,0.8296,1.6323,0.1607,0.3502,0.0361,0.0759,1.0187,1.3788,0.1186,0.223,0.0279,0.0604,1.1016,1.6368,0.1577,0.319,0.034,0.0712,4.32,2.2237,0.2772,7.7192,1.1663,5.0722,0.1576,0.4023,0.6176,0.0323,0.0727,1.2234,0.1413,0.2893,0.6516,0.0339,0.0746,0.855,1.7103,0.149,0.4174,0.0357,0.0714,1.3562,1.71,0.1425,0.285,0.0356,0.0713,3.1828,2.499,0.1433,0.3869,0.0356,0.0777,0.002,0.1114,0.0278,0.0139,0.0035,0.0069,0.0557,0.1002,0.0273,0.0125,0.0031,0.0016,0.0063,0.0545,2.1016,5.7474,13.344,0.5004,26.688,1.0008,2.0016,0.2502,1.3392,0.2232,0.3348,0.7053,0.0593,0.1504
2018-11-13 16:12:33,0.0142,0.138,0.1177,0.2364,0.4783,0.0294,0.0588,0.1537,0.2548,0.566,0.0309,0.0617,1.1703,0.1483,0.3015,0.5882,0.0346,0.0716,1.1659,0.2123,0.2595,0.5837,0.0324,0.0718,0.414,0.828,1.656,0.207,13.2,0.495,0.99,0.2124,0.8269,1.368,0.3813,0.684,0.2405,1.32,0.165,0.376,0.66,0.5115,1.023,2.046,0.2559,1.4976,0.2006,0.5021,0.9206,0.0468,1.4976,0.1055,0.0175,0.0087,0.0112,0.035,0.0501,0.098,0.0245,0.124,0.0308,0.0067,0.0625,0.8389,1.1414,0.1745,0.3736,0.0324,0.0654,0.8162,1.6323,0.1697,0.3764,0.0348,0.0751,0.865,1.4436,0.1213,0.2346,0.0277,0.0565,0.8847,1.6472,0.2157,0.286,0.034,0.0834,4.32,2.1731,0.4056,7.3992,1.1954,12.24,0.1597,0.3291,1.1905,0.0323,0.0724,1.221,0.1474,0.603,0.5552,0.0339,0.0693,0.855,1.7103,0.1538,0.3517,0.0356,0.0775,1.4385,1.71,0.1425,0.285,0.0356,0.0713,3.445,1.71,0.1434,0.295,0.0356,0.0817,0.002,0.1114,0.0278,0.0139,0.0035,0.0069,0.0557,0.1002,0.0257,0.0125,0.0031,0.0016,0.0063,0.0502,2.0149,4.0014,13.344,0.5004,26.688,1.0008,2.0016,0.2502,1.3392,0.2232,0.7982,0.7064,0.0619,0.1328
2018-11-13 17:17:20,0.013,0.0857,0.1175,0.2367,0.4788,0.0294,0.0588,0.1533,0.2731,0.5725,0.0308,0.0617,1.1704,0.1674,0.3247,0.5893,0.0324,0.0648,1.1659,0.1396,0.3221,0.583,0.0324,0.0719,0.414,0.828,1.656,0.207,13.2,0.495,0.99,0.23,0.8314,4.56,0.3908,0.684,0.2385,1.32,0.165,0.33,0.66,0.5115,1.023,2.046,0.2559,1.4976,0.1958,1.248,0.9242,0.0468,4.992,0.103,0.0175,0.0087,0.0044,0.035,0.049,0.098,0.0245,0.1239,0.0308,0.0067,0.0675,0.7544,1.0603,0.1512,0.3093,0.0324,0.0673,0.8296,1.6323,0.1634,0.3665,0.0345,0.0919,1.0258,1.376,0.1135,0.2346,0.0276,0.0565,1.0981,1.6323,0.1749,0.2775,0.036,0.0697,4.32,2.1639,0.279,9.5412,1.1553,4.4908,0.1766,0.3291,0.6284,0.0323,0.0681,1.2725,0.1451,0.3562,0.5989,0.034,0.075,0.8724,1.7103,0.1525,0.3535,0.0356,0.0817,1.1136,1.71,0.1425,0.285,0.0356,0.0713,0.855,6.89,0.1427,0.3173,0.0356,0.0741,0.0021,0.1114,0.0278,0.0139,0.0035,0.0069,0.0557,0.1002,0.0272,0.0125,0.0031,0.0016,0.0081,0.0566,2.1974,4.0014,13.344,0.5004,26.688,1.0008,2.025,0.2502,1.3392,0.2232,0.3348,0.7341,0.0676,0.1493
2018-11-13 18:22:09,0.0141,0.1029,0.1176,0.2366,0.4784,0.0294,0.0588,0.1334,0.2855,0.5619,0.0308,0.065,1.1681,0.1515,0.2769,0.5925,0.0348,0.0722,1.1659,0.1308,0.2596,0.5835,0.0324,0.0652,0.414,0.828,1.656,0.207,13.2,0.495,0.99,0.2846,0.8781,4.56,0.3703,0.684,0.2412,1.32,0.165,0.33,0.66,0.5115,1.023,2.046,0.2559,1.4976,0.2226,0.4491,0.9687,0.0468,1.4976,0.0985,0.0175,0.0087,0.0044,0.035,0.049,0.98,0.0245,0.1238,0.0327,0.0067,0.062,0.6477,1.0835,0.159,0.3287,0.0405,0.0653,0.8162,1.6323,0.1813,0.3333,0.0346,0.0737,1.0224,1.3585,0.1173,0.2133,0.0267,0.0573,0.8363,1.6323,0.1678,0.2721,0.0343,0.0697,4.32,2.1746,0.2805,24.48,1.1826,3.986,0.1583,0.314,0.617,0.0323,0.0659,1.2228,0.1561,0.2976,0.6533,0.0339,0.0683,0.8726,1.7103,0.1452,0.2889,0.0356,0.0714,1.4501,1.71,0.1425,0.285,0.0356,0.0713,3.0805,6.89,0.1449,0.3281,0.0356,0.0796,0.002,0.1114,0.0278,0.0139,0.0035,0.0069,0.0557,0.1002,0.0256,0.0125,0.0031,0.0016,0.0083,0.0543,2.0007,4.0014,13.344,0.5004,26.688,1.0008,2.015,0.2502,1.3392,0.2232,0.8264,0.7079,0.0614,0.119
2018-11-13 19:26:57,0.0142,0.0835,0.1175,0.2366,0.4783,0.0294,0.0588,0.1237,0.2912,0.5776,0.0308,0.0653,1.1659,0.1306,0.302,0.583,0.0352,0.0715,1.1659,0.1295,0.2598,0.608,0.0324,0.0696,0.414,0.828,1.656,0.207,13.2,0.495,3.3,0.2468,0.78,4.4167,0.3811,0.684,0.2381,1.32,0.165,0.376,0.66,0.5115,1.023,2.046,0.2559,1.4976,0.2171,0.4608,0.9125,0.0468,1.4976,0.1072,0.0175,0.0087,0.0044,0.035,0.049,0.098,0.0245,0.1376,0.0325,0.0067,0.0678,0.6477,1.0592,0.1327,0.3281,0.0403,0.0672,0.8162,1.6323,0.1606,0.2721,0.0362,0.0751,0.8977,1.3938,0.1173,0.2336,0.0291,0.0574,0.8868,1.6323,0.1605,0.3569,0.0361,0.0831,14.4,2.2206,0.2841,7.7542,1.1931,3.9946,0.1629,0.4023,0.6294,0.0324,0.0679,1.2569,0.1395,0.3181,0.6806,0.0339,0.0752,0.8729,1.7103,0.1488,0.4183,0.0356,0.1211,0.855,1.71,0.1425,0.285,0.0356,0.0713,0.855,1.71,0.1437,0.3856,0.0356,0.0778,0.002,0.1114,0.0278,0.0139,0.0035,0.0069,0.0557,0.1002,0.0251,0.0125,0.0031,0.0016,0.0082,0.0503,2.1062,4.0014,13.344,0.5004,26.688,1.0008,2.0317,0.2502,1.3392,0.2232,0.8313,0.7058,0.0621,0.1442
2018-11-13 21:27:53,0.013,0.0813,0.1175,0.2365,0.4823,0.0294,0.0588,0.1542,0.2552,0.5619,0.0308,0.0617,1.1659,0.1487,0.3166,0.5893,0.0344,0.0696,1.1659,0.2106,0.2591,0.5837,0.0324,0.065,0.414,0.828,1.656,0.207,13.2,0.495,0.99,0.2128,0.8307,4.2912,0.3827,0.684,0.2489,1.32,0.165,0.376,0.66,0.6237,1.0286,2.046,0.2559,1.4976,0.1955,0.567,0.8884,0.156,2.353,0.1031,0.0175,0.0087,0.0109,0.035,0.0494,0.098,0.0245,0.124,0.0316,0.0067,0.0625,0.8407,1.1866,0.1753,0.2899,0.0325,0.065,0.8162,1.6323,0.1692,0.3763,0.0341,0.0759,0.9923,1.4076,0.114,0.2346,0.0293,0.0587,1.0983,1.6467,0.1743,0.3197,0.0371,0.0698,4.32,2.1685,0.4026,7.4033,1.1821,4.5636,0.177,0.3595,1.1699,0.0323,0.0655,1.3412,0.1662,0.2904,0.6807,0.0339,0.0689,0.8735,1.7103,0.1515,0.3518,0.0358,0.078,1.3968,1.71,0.1425,0.285,0.0356,0.0713,0.855,2.499,0.145,0.3339,0.0356,0.0743,0.002,0.1114,0.0278,0.0139,0.0035,0.0069,0.0557,0.1002,0.0271,0.0125,0.0031,0.0016,0.0063,0.0532,2.0007,4.0014,13.344,0.5004,26.688,1.0008,2.015,0.2502,1.3392,0.2232,0.8577,0.7343,0.0681,0.1385
2018-11-13 22:32:41,0.0141,0.0997,0.1176,0.2362,0.4787,0.0294,0.0588,0.153,0.32,0.5668,0.0308,0.0655,1.1659,0.1675,0.3259,0.5836,0.0349,0.0717,1.1659,0.1357,0.3224,0.5835,0.0324,0.0648,0.414,0.828,1.656,0.207,13.2,0.495,0.99,0.2859,0.8702,4.1866,0.3921,0.684,0.237,1.32,0.165,0.363,0.66,0.6242,1.0412,2.046,0.2559,4.992,0.2001,0.4691,0.9257,0.0468,2.4207,0.1056,0.0175,0.0087,0.0107,0.035,0.49,0.098,0.0245,0.1241,0.0323,0.0067,0.0679,0.6802,1.064,0.1757,0.3754,0.0324,0.0649,0.8301,1.6323,0.1619,0.3317,0.0363,0.0919,0.9893,1.334,0.1173,0.2346,0.0293,0.0581,0.8368,1.6323,0.1609,0.2777,0.034,0.0713,4.32,2.2155,0.2776,9.5206,1.1493,5.0435,0.1592,0.3312,0.6298,0.0323,0.0723,1.2196,0.1415,0.3626,0.5909,0.0339,0.0692,0.8737,1.7103,0.1516,0.3565,0.0356,0.0819,1.1445,1.71,0.1425,0.285,0.0356,0.0713,3.0805,2.4107,0.1425,0.2945,0.0356,0.0823,0.002,0.1114,0.0278,0.0139,0.0035,0.0069,0.0557,0.1002,0.0272,0.0126,0.0031,0.0016,0.0063,0.0501,2.0007,5.5987,13.344,0.5004,26.688,1.0008,2.0016,0.2502,1.3392,0.2232,0.3348,0.701,0.0613,0.1188
2018-11-13 23:44:55,0.0139,0.0837,0.1177,0.236,0.4819,0.0294,0.0588,0.1237,0.2556,0.5691,0.0308,0.0622,1.1659,0.1518,0.3054,0.5925,0.0345,0.0714,1.1659,0.1393,0.2591,0.583,0.0324,0.0648,0.414,0.828,1.656,0.207,13.2,0.495,0.99,0.2304,0.8329,1.368,0.3704,0.684,0.2397,1.32,0.165,0.3561,0.66,0.624,1.023,2.046,0.2559,1.4976,0.1964,0.504,0.9263,0.0468,2.5075,0.0987,0.0175,0.0087,0.0104,0.035,0.0494,0.98,0.0245,0.1241,0.0321,0.0067,0.0626,0.7558,1.1211,0.1499,0.3088,0.0324,0.0648,0.8303,1.6323,0.1806,0.3676,0.0349,0.0845,0.9001,1.3357,0.1099,0.2346,0.0293,0.0547,0.8906,1.6323,0.1676,0.2865,0.034,0.0833,4.32,2.1798,0.2809,7.7886,1.192,3.9878,0.16,0.3166,0.6326,0.0323,0.0657,1.223,0.1468,0.6043,1.1758,0.0339,0.0682,0.855,1.7103,0.1425,0.2892,0.0356,0.1219,1.3842,1.71,0.1425,0.285,0.0356,0.0713,2.983,2.3276,0.1425,0.3164,0.0356,0.0799,0.0021,0.1114,0.0278,0.0139,0.0035,0.0069,0.0557,0.1002,0.0251,0.0127,0.0031,0.0016,0.0063,0.0501,2.0023,5.4312,13.344,0.5004,26.688,1.0008,2.0016,0.2502,1.3392,0.2232,0.3348,0.7019,0.0595,0.144
2018-11-14 09:54:27,0.014,0.1327,0.1175,0.2364,0.4785,0.0294,0.0588,0.1338,0.274,0.5635,0.0308,0.0657,1.1659,0.1494,0.3034,0.5882,0.0353,0.0724,1.1659,0.1309,0.2591,0.583,0.0324,0.0649,0.414,0.828,1.656,0.207,13.2,0.495,0.99,0.2304,0.8368,1.368,0.3839,0.684,0.236,1.32,0.165,0.33,0.66,0.6225,1.023,2.046,0.2559,1.4976,0.1996,0.5676,0.9599,0.0468,2.6145,0.103,0.0175,0.0087,0.0101,0.035,0.0492,0.098,0.0245,0.124,0.0308,0.0067,0.0682,0.8447,1.0617,0.1511,0.3289,0.0324,0.0648,0.8162,1.6323,0.1678,0.3309,0.0365,0.0753,0.9907,1.3357,0.1099,0.2346,0.0293,0.0558,1.0901,1.6323,0.2117,0.3588,0.0362,0.0697,4.32,2.1732,0.2793,9.5094,1.1906,4.6328,0.1766,0.3597,0.6166,0.0323,0.0722,1.2148,0.1564,0.2991,0.6482,0.0339,0.0694,0.855,1.7103,0.1521,0.4252,0.0356,0.0781,1.3158,1.71,0.1425,0.285,0.0356,0.0713,2.8934,1.71,0.1425,0.3274,0.0356,0.0827,0.002,0.1114,0.0278,0.0139,0.0035,0.0069,0.0557,0.1002,0.0251,0.0125,0.0031,0.0016,0.0063,0.0505,2.2348,5.3595,13.344,0.5004,26.688,1.0008,2.0203,0.2502,1.3392,0.2232,0.3348,0.7314,0.0685,0.1473
2018-11-14 12:32:48,0.0144,0.0964,0.1175,0.2361,0.4781,0.0294,0.0588,0.1238,0.2864,0.5646,0.0308,0.0621,1.1659,0.1306,0.3178,0.5915,0.0324,0.0716,1.1659,0.1362,0.2598,0.6112,0.0324,0.0698,0.414,0.828,1.656,0.207,13.2,0.495,3.3,0.2128,0.8662,4.56,0.3815,0.684,0.2581,1.32,0.165,0.33,0.66,0.5115,1.023,2.046,0.2559,1.4976,0.1962,0.45,0.913,0.0468,1.4976,0.1074,0.0175,0.0087,0.0044,0.035,0.049,0.098,0.0245,0.1375,0.0308,0.0067,0.0683,0.6477,1.061,0.1751,0.2795,0.0324,0.0654,0.831,1.6323,0.1624,0.3779,0.0348,0.0761,0.9399,1.3357,0.1099,0.2346,0.0293,0.055,0.8369,1.6323,0.1566,0.321,0.0372,0.0698,14.4,2.2092,0.2844,7.469,1.1753,5.053,0.1595,0.4146,1.1621,0.0323,0.0721,1.3412,0.1452,0.3569,0.652,0.0339,0.0756,0.855,1.7103,0.1517,0.3537,0.0356,0.0823,1.3617,1.71,0.1425,0.285,0.0356,0.0713,2.8805,6.89,0.1451,0.3364,0.0356,0.0741,0.0021,0.1114,0.0278,0.0139,0.0035,0.0069,0.0557,0.1002,0.0257,0.0125,0.0031,0.0016,0.0081,0.0547,2.108,5.2249,13.344,0.5004,26.688,1.0008,2.0203,0.2502,1.3392,0.2232,0.8813,0.6993,0.0622,0.1322
2018-11-14 14:23:39,0.0138,0.0779,0.1175,0.2357,0.4785,0.0294,0.0588,0.155,0.2555,0.5986,0.0308,0.0658,1.1666,0.1678,0.3272,0.5896,0.0351,0.0717,1.1659,0.2078,0.2591,0.5841,0.0324,0.072,0.414,0.828,1.656,0.207,13.2,0.495,0.99,0.2468,0.8354,4.075,0.3939,0.684,0.2409,1.32,0.165,0.3418,0.66,0.5115,1.023,2.046,0.2559,1.4976,0.2178,0.4614,0.888,0.0468,4.992,0.312,0.0175,0.0087,0.0044,0.035,0.049,0.098,0.0245,0.1242,0.0319,0.0067,0.0626,0.6823,1.0646,0.1754,0.29,0.0402,0.0653,0.8315,1.6323,0.1608,0.3494,0.0346,0.0736,0.9614,1.3357,0.1099,0.2346,0.0293,0.055,1.0875,1.6323,0.1566,0.2861,0.0363,0.0716,4.32,2.1864,0.27,7.78,0.9557,4.0041,0.1638,0.3315,0.6326,0.0323,0.0678,1.2148,0.1397,0.2918,0.5554,0.0339,0.0679,0.855,1.7103,0.1453,0.359,0.0359,0.0785,1.1937,1.71,0.1425,0.285,0.0356,0.0713,3.445,6.89,0.144,0.3858,0.0356,0.0777,0.002,0.1114,0.0278,0.0139,0.0035,0.0069,0.0557,0.1002,0.0271,0.0125,0.0031,0.0016,0.008,0.0501,2.2864,4.0014,13.344,0.5004,26.688,1.0008,2.0395,0.2502,1.3392,0.2232,0.3365,0.6696,0.0611,0.1473
2018-11-14 15:28:27,0.0142,0.0806,0.1175,0.2365,0.4786,0.0294,0.0588,0.1537,0.2911,0.5793,0.0308,0.0617,1.1668,0.1307,0.3058,0.5839,0.0324,0.0723,1.1659,0.139,0.3224,0.584,0.0324,0.07,0.414,0.828,1.656,0.207,13.2,0.495,0.99,0.2859,0.8434,3.9011,0.3713,0.684,0.225,1.32,0.165,0.33,0.66,0.5115,1.0432,2.046,0.2559,1.4976,0.2232,0.4698,2.496,0.156,1.4976,0.1057,0.0175,0.0087,0.0044,0.035,0.049,0.98,0.0245,0.1239,0.0316,0.0067,0.062,0.7557,1.0861,0.1595,0.3289,0.04,0.0649,0.8162,1.6323,0.1798,0.3794,0.0366,0.0918,0.967,1.3357,0.1099,0.2346,0.0293,0.055,0.8877,1.6323,0.2117,0.3589,0.0373,0.0698,4.32,2.1733,0.2782,7.5701,1.1371,4.6567,0.1601,0.3181,0.6184,0.0323,0.0654,1.223,0.1665,0.5986,0.6482,0.0339,0.0688,0.873,1.7103,0.1491,0.2893,0.036,0.0715,1.3647,1.71,0.1425,0.285,0.0356,0.0713,0.855,1.71,0.1452,0.2933,0.0356,0.0801,0.002,0.1114,0.0278,0.0139,0.0035,0.0069,0.0557,0.1029,0.0252,0.0125,0.0031,0.0016,0.0079,0.0547,2.1128,5.0898,13.344,0.5004,26.688,1.0008,2.1137,0.2502,1.3392,0.2232,0.3348,0.6696,0.0596,0.1322
2018-11-14 19:18:37,0.014,0.1289,0.1176,0.2363,0.4815,0.0294,0.0588,0.1341,0.2916,0.5697,0.0308,0.0617,1.1659,0.1525,0.3049,0.5909,0.0346,0.0697,1.1659,0.2076,0.2591,0.6134,0.0324,0.0649,0.414,0.828,1.656,0.207,13.2,0.495,0.99,0.2308,0.8559,3.8175,0.3849,0.684,0.2341,1.32,0.165,0.33,0.66,0.5115,1.046,2.046,0.2559,4.992,0.624,0.5058,0.9282,0.0468,1.4976,0.0979,0.0175,0.0087,0.0097,0.035,0.49,0.098,0.0245,0.1241,0.0308,0.0067,0.0685,0.8514,1.1223,0.1501,0.3712,0.0398,0.0653,0.8162,1.6323,0.1626,0.3321,0.0349,0.0755,0.8863,1.3357,0.1099,0.2346,0.0293,0.055,0.8362,1.6323,0.1609,0.2782,0.0343,0.0712,4.32,2.2189,0.3986,9.5196,1.1753,5.0309,0.1759,0.4263,0.6395,0.0323,0.0653,1.2228,0.1416,0.3202,1.1758,0.0339,0.0755,0.8739,1.7103,0.1527,0.3538,0.0356,0.1196,1.2678,1.71,0.1425,0.285,0.0356,0.0713,2.7476,2.2718,0.1438,0.3153,0.0356,0.0778,0.002,0.1114,0.0278,0.0139,0.0035,0.0069,0.0557,0.1002,0.0251,0.0126,0.0031,0.0016,0.0078,0.0505,2.3213,4.0014,13.344,0.5004,26.688,1.0008,2.0016,0.2502,1.3392,0.2232,0.3392,0.7299,0.0623,0.1385
